Д. Блазново,Д. Красновидово,6.58
Д. Красновидово,Д. Блазново,6.58
СНТ Березка,Пончики,4.181
Пончики,СНТ Березка,6.462
Д. Блазново,Д. Аксаново,7.454
Д. Блазново,Д. Хотилово,11.024
Д. Блазново,Д. Милятино,21.292
Д. Блазново,Д. Глазово,15.868
Д. Блазново,Д. Горки,18.456
Д. Блазново,Д. Бычково,20.251
Д. Блазново,Д. Батынки,21.342
Д. Блазново,Д. Мышкино,23.18
Д. Блазново,Д. Авдотьино,16.878
Д. Блазново,"Д. Красновидово ул. Зеленая д. 1,2",7.607
Д. Блазново,"Д. Красновидово ул. Центральная  д.6,8",6.569
Д. Блазново,"Д. Мышкино ул. Титовка д. 15,17",22.979
Д. Блазново,д/д Павлин ул. Титовка д. 2а,22.792
Д. Блазново,Кл. Горетово,11.786
Д. Блазново,Д. Лубенки,17.721
Д. Блазново,МАЯК 18,11.102
Д. Блазново,Ц.У. Синичино 36,44.741
Д. Блазново,Монастырь Бородино 8,19.674
Д. Блазново,Храброво,36.719
Д. Красновидово,Д. Аксаново,0.959
Д. Красновидово,Д. Хотилово,5.553
Д. Красновидово,Д. Милятино,15.821
Д. Красновидово,Д. Глазово,10.397
Д. Красновидово,Д. Горки,12.985
Д. Красновидово,Д. Бычково,14.781
Д. Красновидово,Д. Батынки,15.871
Д. Красновидово,Д. Мышкино,17.709
Д. Красновидово,Д. Авдотьино,11.407
Д. Красновидово,"Д. Красновидово ул. Зеленая д. 1,2",1.112
Д. Красновидово,"Д. Красновидово ул. Центральная  д.6,8",0.244
Д. Красновидово,"Д. Мышкино ул. Титовка д. 15,17",17.508
Д. Красновидово,д/д Павлин ул. Титовка д. 2а,17.321
Д. Красновидово,Кл. Горетово,6.315
Д. Красновидово,Д. Лубенки,12.25
Д. Красновидово,МАЯК 18,15.954
Д. Красновидово,Ц.У. Синичино 36,39.27
Д. Красновидово,Монастырь Бородино 8,24.526
Д. Красновидово,Храброво,41.571
Д. Аксаново,Д. Блазново,7.454
Д. Аксаново,Д. Красновидово,0.959
Д. Аксаново,Д. Хотилово,6.194
Д. Аксаново,Д. Милятино,16.462
Д. Аксаново,Д. Глазово,11.038
Д. Аксаново,Д. Горки,13.626
Д. Аксаново,Д. Бычково,15.421
Д. Аксаново,Д. Батынки,16.512
Д. Аксаново,Д. Мышкино,18.35
Д. Аксаново,Д. Авдотьино,12.048
Д. Аксаново,"Д. Красновидово ул. Зеленая д. 1,2",1.115
Д. Аксаново,"Д. Красновидово ул. Центральная  д.6,8",0.885
Д. Аксаново,"Д. Мышкино ул. Титовка д. 15,17",18.149
Д. Аксаново,д/д Павлин ул. Титовка д. 2а,17.962
Д. Аксаново,Кл. Горетово,6.956
Д. Аксаново,Д. Лубенки,12.891
Д. Аксаново,МАЯК 18,16.828
Д. Аксаново,Ц.У. Синичино 36,39.911
Д. Аксаново,Монастырь Бородино 8,25.4
Д. Аксаново,Храброво,42.445
Д. Хотилово,Д. Блазново,11.024
Д. Хотилово,Д. Красновидово,5.553
Д. Хотилово,Д. Аксаново,6.194
Д. Хотилово,Д. Милятино,11.991
Д. Хотилово,Д. Глазово,6.567
Д. Хотилово,Д. Горки,9.156
Д. Хотилово,Д. Бычково,10.951
Д. Хотилово,Д. Батынки,12.042
Д. Хотилово,Д. Мышкино,13.879
Д. Хотилово,Д. Авдотьино,7.577
Д. Хотилово,"Д. Красновидово ул. Зеленая д. 1,2",6.347
Д. Хотилово,"Д. Красновидово ул. Центральная  д.6,8",5.309
Д. Хотилово,"Д. Мышкино ул. Титовка д. 15,17",13.678
Д. Хотилово,д/д Павлин ул. Титовка д. 2а,13.491
Д. Хотилово,Кл. Горетово,2.485
Д. Хотилово,Д. Лубенки,8.42
Д. Хотилово,МАЯК 18,20.398
Д. Хотилово,Ц.У. Синичино 36,35.44
Д. Хотилово,Монастырь Бородино 8,28.97
Д. Хотилово,Храброво,46.015
Д. Милятино,Д. Блазново,21.292
Д. Милятино,Д. Красновидово,15.821
Д. Милятино,Д. Аксаново,16.462
Д. Милятино,Д. Хотилово,11.991
Д. Милятино,Д. Глазово,10.639
Д. Милятино,Д. Горки,13.227
Д. Милятино,Д. Бычково,15.022
Д. Милятино,Д. Батынки,16.113
Д. Милятино,Д. Мышкино,17.951
Д. Милятино,Д. Авдотьино,5.317
Д. Милятино,"Д. Красновидово ул. Зеленая д. 1,2",16.615
Д. Милятино,"Д. Красновидово ул. Центральная  д.6,8",15.576
Д. Милятино,"Д. Мышкино ул. Титовка д. 15,17",17.749
Д. Милятино,д/д Павлин ул. Титовка д. 2а,17.562
Д. Милятино,Кл. Горетово,9.971
Д. Милятино,Д. Лубенки,12.492
Д. Милятино,МАЯК 18,30.665
Д. Милятино,Ц.У. Синичино 36,39.512
Д. Милятино,Монастырь Бородино 8,39.238
Д. Милятино,Храброво,56.283
Д. Глазово,Д. Блазново,15.868
Д. Глазово,Д. Красновидово,10.397
Д. Глазово,Д. Аксаново,11.038
Д. Глазово,Д. Хотилово,6.567
Д. Глазово,Д. Милятино,10.639
Д. Глазово,Д. Горки,4.383
Д. Глазово,Д. Бычково,6.178
Д. Глазово,Д. Батынки,7.269
Д. Глазово,Д. Мышкино,9.107
Д. Глазово,Д. Авдотьино,6.225
Д. Глазово,"Д. Красновидово ул. Зеленая д. 1,2",11.192
Д. Глазово,"Д. Красновидово ул. Центральная  д.6,8",10.153
Д. Глазово,"Д. Мышкино ул. Титовка д. 15,17",8.906
Д. Глазово,д/д Павлин ул. Титовка д. 2а,8.719
Д. Глазово,Кл. Горетово,4.548
Д. Глазово,Д. Лубенки,3.648
Д. Глазово,МАЯК 18,25.242
Д. Глазово,Ц.У. Синичино 36,30.668
Д. Глазово,Монастырь Бородино 8,33.814
Д. Глазово,Храброво,50.859
Д. Горки,Д. Блазново,18.456
Д. Горки,Д. Красновидово,12.985
Д. Горки,Д. Аксаново,13.626
Д. Горки,Д. Хотилово,9.156
Д. Горки,Д. Милятино,13.227
Д. Горки,Д. Глазово,4.383
Д. Горки,Д. Бычково,3.981
Д. Горки,Д. Батынки,5.071
Д. Горки,Д. Мышкино,6.909
Д. Горки,Д. Авдотьино,8.813
Д. Горки,"Д. Красновидово ул. Зеленая д. 1,2",13.78
Д. Горки,"Д. Красновидово ул. Центральная  д.6,8",12.741
Д. Горки,"Д. Мышкино ул. Титовка д. 15,17",6.708
Д. Горки,д/д Павлин ул. Титовка д. 2а,6.521
Д. Горки,Кл. Горетово,7.136
Д. Горки,Д. Лубенки,2.935
Д. Горки,МАЯК 18,27.83
Д. Горки,Ц.У. Синичино 36,28.47
Д. Горки,Монастырь Бородино 8,36.402
Д. Горки,Храброво,49.992
Д. Бычково,Д. Блазново,20.251
Д. Бычково,Д. Красновидово,14.781
Д. Бычково,Д. Аксаново,15.421
Д. Бычково,Д. Хотилово,10.951
Д. Бычково,Д. Милятино,15.022
Д. Бычково,Д. Глазово,6.178
Д. Бычково,Д. Горки,3.981
Д. Бычково,Д. Батынки,2.226
Д. Бычково,Д. Мышкино,4.064
Д. Бычково,Д. Авдотьино,10.609
Д. Бычково,"Д. Красновидово ул. Зеленая д. 1,2",15.575
Д. Бычково,"Д. Красновидово ул. Центральная  д.6,8",14.536
Д. Бычково,"Д. Мышкино ул. Титовка д. 15,17",3.863
Д. Бычково,д/д Павлин ул. Титовка д. 2а,3.676
Д. Бычково,Кл. Горетово,8.931
Д. Бычково,Д. Лубенки,4.73
Д. Бычково,МАЯК 18,29.625
Д. Бычково,Ц.У. Синичино 36,25.625
Д. Бычково,Монастырь Бородино 8,38.197
Д. Бычково,Храброво,47.147
Д. Батынки,Д. Блазново,21.342
Д. Батынки,Д. Красновидово,15.871
Д. Батынки,Д. Аксаново,16.512
Д. Батынки,Д. Хотилово,12.042
Д. Батынки,Д. Милятино,16.113
Д. Батынки,Д. Глазово,7.269
Д. Батынки,Д. Горки,5.071
Д. Батынки,Д. Бычково,2.226
Д. Батынки,Д. Мышкино,1.838
Д. Батынки,Д. Авдотьино,11.7
Д. Батынки,"Д. Красновидово ул. Зеленая д. 1,2",16.666
Д. Батынки,"Д. Красновидово ул. Центральная  д.6,8",15.627
Д. Батынки,"Д. Мышкино ул. Титовка д. 15,17",1.636
Д. Батынки,д/д Павлин ул. Титовка д. 2а,1.45
Д. Батынки,Кл. Горетово,10.022
Д. Батынки,Д. Лубенки,5.821
Д. Батынки,МАЯК 18,30.716
Д. Батынки,Ц.У. Синичино 36,23.399
Д. Батынки,Монастырь Бородино 8,39.288
Д. Батынки,Храброво,44.92
Д. Мышкино,Д. Блазново,23.18
Д. Мышкино,Д. Красновидово,17.709
Д. Мышкино,Д. Аксаново,18.35
Д. Мышкино,Д. Хотилово,13.879
Д. Мышкино,Д. Милятино,17.951
Д. Мышкино,Д. Глазово,9.107
Д. Мышкино,Д. Горки,6.909
Д. Мышкино,Д. Бычково,4.064
Д. Мышкино,Д. Батынки,1.838
Д. Мышкино,Д. Авдотьино,13.537
Д. Мышкино,"Д. Красновидово ул. Зеленая д. 1,2",18.504
Д. Мышкино,"Д. Красновидово ул. Центральная  д.6,8",17.465
Д. Мышкино,"Д. Мышкино ул. Титовка д. 15,17",0.202
Д. Мышкино,д/д Павлин ул. Титовка д. 2а,0.388
Д. Мышкино,Кл. Горетово,11.86
Д. Мышкино,Д. Лубенки,7.659
Д. Мышкино,МАЯК 18,32.554
Д. Мышкино,Ц.У. Синичино 36,23.802
Д. Мышкино,Монастырь Бородино 8,41.126
Д. Мышкино,Храброво,45.324
Д. Авдотьино,Д. Блазново,16.878
Д. Авдотьино,Д. Красновидово,11.407
Д. Авдотьино,Д. Аксаново,12.048
Д. Авдотьино,Д. Хотилово,7.577
Д. Авдотьино,Д. Милятино,5.317
Д. Авдотьино,Д. Глазово,6.225
Д. Авдотьино,Д. Горки,8.813
Д. Авдотьино,Д. Бычково,10.609
Д. Авдотьино,Д. Батынки,11.7
Д. Авдотьино,Д. Мышкино,13.537
Д. Авдотьино,"Д. Красновидово ул. Зеленая д. 1,2",12.202
Д. Авдотьино,"Д. Красновидово ул. Центральная  д.6,8",11.163
Д. Авдотьино,"Д. Мышкино ул. Титовка д. 15,17",13.336
Д. Авдотьино,д/д Павлин ул. Титовка д. 2а,13.149
Д. Авдотьино,Кл. Горетово,5.558
Д. Авдотьино,Д. Лубенки,8.078
Д. Авдотьино,МАЯК 18,26.252
Д. Авдотьино,Ц.У. Синичино 36,35.098
Д. Авдотьино,Монастырь Бородино 8,34.824
Д. Авдотьино,Храброво,51.869
"Д. Красновидово ул. Зеленая д. 1,2",Д. Блазново,7.607
"Д. Красновидово ул. Зеленая д. 1,2",Д. Красновидово,1.112
"Д. Красновидово ул. Зеленая д. 1,2",Д. Аксаново,1.115
"Д. Красновидово ул. Зеленая д. 1,2",Д. Хотилово,6.347
"Д. Красновидово ул. Зеленая д. 1,2",Д. Милятино,16.615
"Д. Красновидово ул. Зеленая д. 1,2",Д. Глазово,11.192
"Д. Красновидово ул. Зеленая д. 1,2",Д. Горки,13.78
"Д. Красновидово ул. Зеленая д. 1,2",Д. Бычково,15.575
"Д. Красновидово ул. Зеленая д. 1,2",Д. Батынки,16.666
"Д. Красновидово ул. Зеленая д. 1,2",Д. Мышкино,18.504
"Д. Красновидово ул. Зеленая д. 1,2",Д. Авдотьино,12.202
"Д. Красновидово ул. Зеленая д. 1,2","Д. Красновидово ул. Центральная  д.6,8",1.039
"Д. Красновидово ул. Зеленая д. 1,2","Д. Мышкино ул. Титовка д. 15,17",18.302
"Д. Красновидово ул. Зеленая д. 1,2",д/д Павлин ул. Титовка д. 2а,18.115
"Д. Красновидово ул. Зеленая д. 1,2",Кл. Горетово,7.109
"Д. Красновидово ул. Зеленая д. 1,2",Д. Лубенки,13.044
"Д. Красновидово ул. Зеленая д. 1,2",МАЯК 18,16.981
"Д. Красновидово ул. Зеленая д. 1,2",Ц.У. Синичино 36,40.065
"Д. Красновидово ул. Зеленая д. 1,2",Монастырь Бородино 8,25.553
"Д. Красновидово ул. Зеленая д. 1,2",Храброво,42.598
"Д. Красновидово ул. Центральная  д.6,8",Д. Блазново,6.569
"Д. Красновидово ул. Центральная  д.6,8",Д. Красновидово,0.244
"Д. Красновидово ул. Центральная  д.6,8",Д. Аксаново,0.885
"Д. Красновидово ул. Центральная  д.6,8",Д. Хотилово,5.309
"Д. Красновидово ул. Центральная  д.6,8",Д. Милятино,15.576
"Д. Красновидово ул. Центральная  д.6,8",Д. Глазово,10.153
"Д. Красновидово ул. Центральная  д.6,8",Д. Горки,12.741
"Д. Красновидово ул. Центральная  д.6,8",Д. Бычково,14.536
"Д. Красновидово ул. Центральная  д.6,8",Д. Батынки,15.627
"Д. Красновидово ул. Центральная  д.6,8",Д. Мышкино,17.465
"Д. Красновидово ул. Центральная  д.6,8",Д. Авдотьино,11.163
"Д. Красновидово ул. Центральная  д.6,8","Д. Красновидово ул. Зеленая д. 1,2",1.039
"Д. Красновидово ул. Центральная  д.6,8","Д. Мышкино ул. Титовка д. 15,17",17.264
"Д. Красновидово ул. Центральная  д.6,8",д/д Павлин ул. Титовка д. 2а,17.077
"Д. Красновидово ул. Центральная  д.6,8",Кл. Горетово,6.071
"Д. Красновидово ул. Центральная  д.6,8",Д. Лубенки,12.006
"Д. Красновидово ул. Центральная  д.6,8",МАЯК 18,15.943
"Д. Красновидово ул. Центральная  д.6,8",Ц.У. Синичино 36,39.026
"Д. Красновидово ул. Центральная  д.6,8",Монастырь Бородино 8,24.515
"Д. Красновидово ул. Центральная  д.6,8",Храброво,41.56
"Д. Мышкино ул. Титовка д. 15,17",Д. Блазново,22.979
"Д. Мышкино ул. Титовка д. 15,17",Д. Красновидово,17.508
"Д. Мышкино ул. Титовка д. 15,17",Д. Аксаново,18.149
"Д. Мышкино ул. Титовка д. 15,17",Д. Хотилово,13.678
"Д. Мышкино ул. Титовка д. 15,17",Д. Милятино,17.749
"Д. Мышкино ул. Титовка д. 15,17",Д. Глазово,8.906
"Д. Мышкино ул. Титовка д. 15,17",Д. Горки,6.708
"Д. Мышкино ул. Титовка д. 15,17",Д. Бычково,3.863
"Д. Мышкино ул. Титовка д. 15,17",Д. Батынки,1.636
"Д. Мышкино ул. Титовка д. 15,17",Д. Мышкино,0.202
"Д. Мышкино ул. Титовка д. 15,17",Д. Авдотьино,13.336
"Д. Мышкино ул. Титовка д. 15,17","Д. Красновидово ул. Зеленая д. 1,2",18.302
"Д. Мышкино ул. Титовка д. 15,17","Д. Красновидово ул. Центральная  д.6,8",17.264
"Д. Мышкино ул. Титовка д. 15,17",д/д Павлин ул. Титовка д. 2а,0.187
"Д. Мышкино ул. Титовка д. 15,17",Кл. Горетово,11.659
"Д. Мышкино ул. Титовка д. 15,17",Д. Лубенки,7.457
"Д. Мышкино ул. Титовка д. 15,17",МАЯК 18,32.353
"Д. Мышкино ул. Титовка д. 15,17",Ц.У. Синичино 36,23.601
"Д. Мышкино ул. Титовка д. 15,17",Монастырь Бородино 8,40.925
"Д. Мышкино ул. Титовка д. 15,17",Храброво,45.122
д/д Павлин ул. Титовка д. 2а,Д. Блазново,22.792
д/д Павлин ул. Титовка д. 2а,Д. Красновидово,17.321
д/д Павлин ул. Титовка д. 2а,Д. Аксаново,17.962
д/д Павлин ул. Титовка д. 2а,Д. Хотилово,13.491
д/д Павлин ул. Титовка д. 2а,Д. Милятино,17.562
д/д Павлин ул. Титовка д. 2а,Д. Глазово,8.719
д/д Павлин ул. Титовка д. 2а,Д. Горки,6.521
д/д Павлин ул. Титовка д. 2а,Д. Бычково,3.676
д/д Павлин ул. Титовка д. 2а,Д. Батынки,1.45
д/д Павлин ул. Титовка д. 2а,Д. Мышкино,0.388
д/д Павлин ул. Титовка д. 2а,Д. Авдотьино,13.149
д/д Павлин ул. Титовка д. 2а,"Д. Красновидово ул. Зеленая д. 1,2",18.115
д/д Павлин ул. Титовка д. 2а,"Д. Красновидово ул. Центральная  д.6,8",17.077
д/д Павлин ул. Титовка д. 2а,"Д. Мышкино ул. Титовка д. 15,17",0.187
д/д Павлин ул. Титовка д. 2а,Кл. Горетово,11.472
д/д Павлин ул. Титовка д. 2а,Д. Лубенки,7.27
д/д Павлин ул. Титовка д. 2а,МАЯК 18,32.166
д/д Павлин ул. Титовка д. 2а,Ц.У. Синичино 36,23.414
д/д Павлин ул. Титовка д. 2а,Монастырь Бородино 8,40.738
д/д Павлин ул. Титовка д. 2а,Храброво,44.935
Кл. Горетово,Д. Блазново,11.786
Кл. Горетово,Д. Красновидово,6.315
Кл. Горетово,Д. Аксаново,6.956
Кл. Горетово,Д. Хотилово,2.485
Кл. Горетово,Д. Милятино,9.971
Кл. Горетово,Д. Глазово,4.548
Кл. Горетово,Д. Горки,7.136
Кл. Горетово,Д. Бычково,8.931
Кл. Горетово,Д. Батынки,10.022
Кл. Горетово,Д. Мышкино,11.86
Кл. Горетово,Д. Авдотьино,5.558
Кл. Горетово,"Д. Красновидово ул. Зеленая д. 1,2",7.109
Кл. Горетово,"Д. Красновидово ул. Центральная  д.6,8",6.071
Кл. Горетово,"Д. Мышкино ул. Титовка д. 15,17",11.659
Кл. Горетово,д/д Павлин ул. Титовка д. 2а,11.472
Кл. Горетово,Д. Лубенки,6.401
Кл. Горетово,МАЯК 18,21.16
Кл. Горетово,Ц.У. Синичино 36,33.421
Кл. Горетово,Монастырь Бородино 8,29.732
Кл. Горетово,Храброво,46.777
Д. Лубенки,Д. Блазново,17.721
Д. Лубенки,Д. Красновидово,12.25
Д. Лубенки,Д. Аксаново,12.891
Д. Лубенки,Д. Хотилово,8.42
Д. Лубенки,Д. Милятино,12.492
Д. Лубенки,Д. Глазово,3.648
Д. Лубенки,Д. Горки,2.935
Д. Лубенки,Д. Бычково,4.73
Д. Лубенки,Д. Батынки,5.821
Д. Лубенки,Д. Мышкино,7.659
Д. Лубенки,Д. Авдотьино,8.078
Д. Лубенки,"Д. Красновидово ул. Зеленая д. 1,2",13.044
Д. Лубенки,"Д. Красновидово ул. Центральная  д.6,8",12.006
Д. Лубенки,"Д. Мышкино ул. Титовка д. 15,17",7.457
Д. Лубенки,д/д Павлин ул. Титовка д. 2а,7.27
Д. Лубенки,Кл. Горетово,6.401
Д. Лубенки,МАЯК 18,27.095
Д. Лубенки,Ц.У. Синичино 36,29.22
Д. Лубенки,Монастырь Бородино 8,35.667
Д. Лубенки,Храброво,52.712
МАЯК 18,Д. Блазново,11.102
МАЯК 18,Д. Красновидово,15.954
МАЯК 18,Д. Аксаново,16.828
МАЯК 18,Д. Хотилово,20.398
МАЯК 18,Д. Милятино,30.665
МАЯК 18,Д. Глазово,25.242
МАЯК 18,Д. Горки,27.83
МАЯК 18,Д. Бычково,29.625
МАЯК 18,Д. Батынки,30.716
МАЯК 18,Д. Мышкино,32.554
МАЯК 18,Д. Авдотьино,26.252
МАЯК 18,"Д. Красновидово ул. Зеленая д. 1,2",16.981
МАЯК 18,"Д. Красновидово ул. Центральная  д.6,8",15.943
МАЯК 18,"Д. Мышкино ул. Титовка д. 15,17",32.353
МАЯК 18,д/д Павлин ул. Титовка д. 2а,32.166
МАЯК 18,Кл. Горетово,21.16
МАЯК 18,Д. Лубенки,27.095
МАЯК 18,Ц.У. Синичино 36,43.184
МАЯК 18,Монастырь Бородино 8,14.059
МАЯК 18,Храброво,27.854
Ц.У. Синичино 36,Д. Блазново,44.741
Ц.У. Синичино 36,Д. Красновидово,39.27
Ц.У. Синичино 36,Д. Аксаново,39.911
Ц.У. Синичино 36,Д. Хотилово,35.44
Ц.У. Синичино 36,Д. Милятино,39.512
Ц.У. Синичино 36,Д. Глазово,30.668
Ц.У. Синичино 36,Д. Горки,28.47
Ц.У. Синичино 36,Д. Бычково,25.625
Ц.У. Синичино 36,Д. Батынки,23.399
Ц.У. Синичино 36,Д. Мышкино,23.802
Ц.У. Синичино 36,Д. Авдотьино,35.098
Ц.У. Синичино 36,"Д. Красновидово ул. Зеленая д. 1,2",40.065
Ц.У. Синичино 36,"Д. Красновидово ул. Центральная  д.6,8",39.026
Ц.У. Синичино 36,"Д. Мышкино ул. Титовка д. 15,17",23.601
Ц.У. Синичино 36,д/д Павлин ул. Титовка д. 2а,23.414
Ц.У. Синичино 36,Кл. Горетово,33.421
Ц.У. Синичино 36,Д. Лубенки,29.22
Ц.У. Синичино 36,МАЯК 18,43.184
Ц.У. Синичино 36,Монастырь Бородино 8,29.769
Ц.У. Синичино 36,Храброво,24.58
Монастырь Бородино 8,Д. Блазново,19.674
Монастырь Бородино 8,Д. Красновидово,24.526
Монастырь Бородино 8,Д. Аксаново,25.4
Монастырь Бородино 8,Д. Хотилово,28.97
Монастырь Бородино 8,Д. Милятино,39.238
Монастырь Бородино 8,Д. Глазово,33.814
Монастырь Бородино 8,Д. Горки,36.402
Монастырь Бородино 8,Д. Бычково,38.197
Монастырь Бородино 8,Д. Батынки,39.288
Монастырь Бородино 8,Д. Мышкино,41.126
Монастырь Бородино 8,Д. Авдотьино,34.824
Монастырь Бородино 8,"Д. Красновидово ул. Зеленая д. 1,2",25.553
Монастырь Бородино 8,"Д. Красновидово ул. Центральная  д.6,8",24.515
Монастырь Бородино 8,"Д. Мышкино ул. Титовка д. 15,17",40.925
Монастырь Бородино 8,д/д Павлин ул. Титовка д. 2а,40.738
Монастырь Бородино 8,Кл. Горетово,29.732
Монастырь Бородино 8,Д. Лубенки,35.667
Монастырь Бородино 8,МАЯК 18,14.059
Монастырь Бородино 8,Ц.У. Синичино 36,29.769
Монастырь Бородино 8,Храброво,20.281
Храброво,Д. Блазново,36.786
Храброво,Д. Красновидово,41.638
Храброво,Д. Аксаново,42.513
Храброво,Д. Хотилово,46.082
Храброво,Д. Милятино,56.35
Храброво,Д. Глазово,50.927
Храброво,Д. Горки,49.992
Храброво,Д. Бычково,47.147
Храброво,Д. Батынки,44.92
Храброво,Д. Мышкино,45.324
Храброво,Д. Авдотьино,51.937
Храброво,"Д. Красновидово ул. Зеленая д. 1,2",42.666
Храброво,"Д. Красновидово ул. Центральная  д.6,8",41.627
Храброво,"Д. Мышкино ул. Титовка д. 15,17",45.122
Храброво,д/д Павлин ул. Титовка д. 2а,44.935
Храброво,Кл. Горетово,46.844
Храброво,Д. Лубенки,52.78
Храброво,МАЯК 18,27.622
Храброво,Ц.У. Синичино 36,24.58
Храброво,Монастырь Бородино 8,20.281
СНТ Березка,СИЗО 4 (849638-20-375),19.142
СНТ Березка,д/д Уваровка  16 (субботник),51.335
СНТ Березка,Альянс п. Знаменка,45.106
СНТ Березка,Храброво,43.124
Пончики,СИЗО 4 (849638-20-375),15.062
Пончики,д/д Уваровка  16 (субботник),47.153
Пончики,Альянс п. Знаменка,40.925
Пончики,Храброво,38.942
СИЗО 4 (849638-20-375),СНТ Березка,17.252
СИЗО 4 (849638-20-375),Пончики,15.676
СИЗО 4 (849638-20-375),д/д Уваровка  16 (субботник),30.476
СИЗО 4 (849638-20-375),Альянс п. Знаменка,28.462
СИЗО 4 (849638-20-375),Храброво,26.479
д/д Уваровка  16 (субботник),СНТ Березка,49.349
д/д Уваровка  16 (субботник),Пончики,47.892
д/д Уваровка  16 (субботник),СИЗО 4 (849638-20-375),30.476
д/д Уваровка  16 (субботник),Альянс п. Знаменка,19.466
д/д Уваровка  16 (субботник),Храброво,12.261
Альянс п. Знаменка,СНТ Березка,37.598
Альянс п. Знаменка,Пончики,36.141
Альянс п. Знаменка,СИЗО 4 (849638-20-375),23.029
Альянс п. Знаменка,д/д Уваровка  16 (субботник),20.522
Альянс п. Знаменка,Храброво,12.311
Храброво,СНТ Березка,41.116
Храброво,Пончики,39.659
Храброво,СИЗО 4 (849638-20-375),26.547
Храброво,д/д Уваровка  16 (субботник),12.261
Храброво,Альянс п. Знаменка,11.233
Д. Блазново,Ул. Советская д. 18А  19,12.84
Д. Блазново,Ул. Армейская,10.93
Д. Красновидово,Ул. Советская д. 18А  19,7.369
Д. Красновидово,Ул. Армейская,5.46
Д. Аксаново,Ул. Советская д. 18А  19,8.01
Д. Аксаново,Ул. Армейская,6.1
Д. Хотилово,Ул. Советская д. 18А  19,3.539
Д. Хотилово,Ул. Армейская,1.63
Д. Милятино,Ул. Советская д. 18А  19,11.026
Д. Милятино,Ул. Армейская,10.361
Д. Глазово,Ул. Советская д. 18А  19,5.602
Д. Глазово,Ул. Армейская,4.938
Д. Горки,Ул. Советская д. 18А  19,8.19
Д. Горки,Ул. Армейская,7.526
Д. Бычково,Ул. Советская д. 18А  19,9.985
Д. Бычково,Ул. Армейская,9.321
Д. Батынки,Ул. Советская д. 18А  19,11.076
Д. Батынки,Ул. Армейская,10.412
Д. Мышкино,Ул. Советская д. 18А  19,12.914
Д. Мышкино,Ул. Армейская,12.25
Д. Авдотьино,Ул. Советская д. 18А  19,6.612
Д. Авдотьино,Ул. Армейская,5.948
"Д. Красновидово ул. Зеленая д. 1,2",Ул. Советская д. 18А  19,8.163
"Д. Красновидово ул. Зеленая д. 1,2",Ул. Армейская,6.254
"Д. Красновидово ул. Центральная  д.6,8",Ул. Советская д. 18А  19,7.125
"Д. Красновидово ул. Центральная  д.6,8",Ул. Армейская,5.215
"Д. Мышкино ул. Титовка д. 15,17",Ул. Советская д. 18А  19,12.713
"Д. Мышкино ул. Титовка д. 15,17",Ул. Армейская,12.048
д/д Павлин ул. Титовка д. 2а,Ул. Советская д. 18А  19,12.526
д/д Павлин ул. Титовка д. 2а,Ул. Армейская,11.861
Ул. Советская д. 18А  19,Д. Блазново,12.84
Ул. Советская д. 18А  19,Д. Красновидово,7.369
Ул. Советская д. 18А  19,Д. Аксаново,8.01
Ул. Советская д. 18А  19,Д. Хотилово,3.539
Ул. Советская д. 18А  19,Д. Милятино,11.026
Ул. Советская д. 18А  19,Д. Глазово,5.602
Ул. Советская д. 18А  19,Д. Горки,8.19
Ул. Советская д. 18А  19,Д. Бычково,9.985
Ул. Советская д. 18А  19,Д. Батынки,11.076
Ул. Советская д. 18А  19,Д. Мышкино,12.914
Ул. Советская д. 18А  19,Д. Авдотьино,6.612
Ул. Советская д. 18А  19,"Д. Красновидово ул. Зеленая д. 1,2",8.163
Ул. Советская д. 18А  19,"Д. Красновидово ул. Центральная  д.6,8",7.125
Ул. Советская д. 18А  19,"Д. Мышкино ул. Титовка д. 15,17",12.713
Ул. Советская д. 18А  19,д/д Павлин ул. Титовка д. 2а,12.526
Ул. Советская д. 18А  19,Ул. Армейская,1.91
Ул. Советская д. 18А  19,Кл. Горетово,1.071
Ул. Советская д. 18А  19,Д. Лубенки,7.455
Ул. Советская д. 18А  19,Храброво,47.831
Ул. Армейская,Д. Блазново,10.93
Ул. Армейская,Д. Красновидово,5.46
Ул. Армейская,Д. Аксаново,6.1
Ул. Армейская,Д. Хотилово,1.63
Ул. Армейская,Д. Милятино,10.361
Ул. Армейская,Д. Глазово,4.938
Ул. Армейская,Д. Горки,7.526
Ул. Армейская,Д. Бычково,9.321
Ул. Армейская,Д. Батынки,10.412
Ул. Армейская,Д. Мышкино,12.25
Ул. Армейская,Д. Авдотьино,5.948
Ул. Армейская,"Д. Красновидово ул. Зеленая д. 1,2",6.254
Ул. Армейская,"Д. Красновидово ул. Центральная  д.6,8",5.215
Ул. Армейская,"Д. Мышкино ул. Титовка д. 15,17",12.048
Ул. Армейская,д/д Павлин ул. Титовка д. 2а,11.861
Ул. Армейская,Ул. Советская д. 18А  19,1.91
Ул. Армейская,Кл. Горетово,0.856
Ул. Армейская,Д. Лубенки,6.791
Ул. Армейская,Храброво,45.922
Кл. Горетово,Ул. Советская д. 18А  19,1.071
Кл. Горетово,Ул. Армейская,0.856
Д. Лубенки,Ул. Советская д. 18А  19,7.455
Д. Лубенки,Ул. Армейская,6.791
Храброво,Ул. Советская д. 18А  19,47.899
Храброво,Ул. Армейская,45.989
Д. Некрасово,Д. Семеновское ул. Заречная,35.766
Д. Некрасово,Пос. Колочь,35.864
Д. Некрасово,Ул. Проезд мира прокуратура,49.237
Д. Некрасово,Ул. Российская (котельная),49.577
Д. Некрасово,ИП Самохин-забрать,30.636
Д. Некрасово,СНТ Дружба – поменять 1/8,70.137
Д. Некрасово,Храброво,27.495
Д. Семеновское ул. Заречная,Д. Некрасово,35.837
Д. Семеновское ул. Заречная,Пос. Колочь,39.354
Д. Семеновское ул. Заречная,Ул. Проезд мира прокуратура,52.727
Д. Семеновское ул. Заречная,Ул. Российская (котельная),53.067
Д. Семеновское ул. Заречная,ИП Самохин-забрать,34.126
Д. Семеновское ул. Заречная,СНТ Дружба – поменять 1/8,73.627
Д. Семеновское ул. Заречная,Храброво,30.985
Пос. Колочь,Д. Некрасово,35.866
Пос. Колочь,Д. Семеновское ул. Заречная,39.347
Пос. Колочь,Ул. Проезд мира прокуратура,21.566
Пос. Колочь,Ул. Российская (котельная),21.671
Пос. Колочь,ИП Самохин-забрать,15.539
Пос. Колочь,СНТ Дружба – поменять 1/8,35.402
Пос. Колочь,Храброво,12.397
Ул. Проезд мира прокуратура,Д. Некрасово,49.244
Ул. Проезд мира прокуратура,Д. Семеновское ул. Заречная,52.725
Ул. Проезд мира прокуратура,Пос. Колочь,21.57
Ул. Проезд мира прокуратура,Ул. Российская (котельная),0.345
Ул. Проезд мира прокуратура,ИП Самохин-забрать,28.916
Ул. Проезд мира прокуратура,СНТ Дружба – поменять 1/8,14.801
Ул. Проезд мира прокуратура,Храброво,25.775
Ул. Российская (котельная),Д. Некрасово,49.583
Ул. Российская (котельная),Д. Семеновское ул. Заречная,53.064
Ул. Российская (котельная),Пос. Колочь,21.671
Ул. Российская (котельная),Ул. Проезд мира прокуратура,0.345
Ул. Российская (котельная),ИП Самохин-забрать,29.255
Ул. Российская (котельная),СНТ Дружба – поменять 1/8,14.456
Ул. Российская (котельная),Храброво,26.114
ИП Самохин-забрать,Д. Некрасово,30.66
ИП Самохин-забрать,Д. Семеновское ул. Заречная,34.141
ИП Самохин-забрать,Пос. Колочь,15.539
ИП Самохин-забрать,Ул. Проезд мира прокуратура,28.911
ИП Самохин-забрать,Ул. Российская (котельная),29.252
ИП Самохин-забрать,СНТ Дружба – поменять 1/8,49.811
ИП Самохин-забрать,Храброво,3.141
СНТ Дружба – поменять 1/8,Д. Некрасово,70.137
СНТ Дружба – поменять 1/8,Д. Семеновское ул. Заречная,73.618
СНТ Дружба – поменять 1/8,Пос. Колочь,35.402
СНТ Дружба – поменять 1/8,Ул. Проезд мира прокуратура,14.801
СНТ Дружба – поменять 1/8,Ул. Российская (котельная),14.456
СНТ Дружба – поменять 1/8,ИП Самохин-забрать,49.809
СНТ Дружба – поменять 1/8,Храброво,46.668
Храброво,Д. Некрасово,27.519
Храброво,Д. Семеновское ул. Заречная,30.999
Храброво,Пос. Колочь,12.397
Храброво,Ул. Проезд мира прокуратура,25.77
Храброво,Ул. Российская (котельная),26.11
Храброво,ИП Самохин-забрать,3.141
Храброво,СНТ Дружба – поменять 1/8,46.67
СНТ Стрела 1/8,СНТ Гевея 1/8,25.644
СНТ Стрела 1/8,СНТ Васильки 1/8,9.869
СНТ Стрела 1/8,ц/у Синичино 4/8,43.819
СНТ Стрела 1/8,"СНТ Железнодорожник3/0,75",4.273
СНТ Стрела 1/8,"д.Новоселка  6/0,75",5.766
СНТ Стрела 1/8,"д.Вяземское 5/0,75",7.607
СНТ Стрела 1/8,д.Гавшино1/8,12.243
СНТ Стрела 1/8,СНТ Колос1/8,15.005
СНТ Стрела 1/8,д.Настасьино1/8,27.225
СНТ Стрела 1/8,Д. Татариново (подбор),24.326
СНТ Стрела 1/8,Д. Горки (подбор),26.888
СНТ Стрела 1/8,д.Бородино (подбор),29.231
СНТ Стрела 1/8,Д. Шеломово 1/8,19.215
СНТ Стрела 1/8,Д. Холдеево 1/8,16.571
СНТ Стрела 1/8,д.Пуршево 1/8,16.404
СНТ Стрела 1/8,д.Ханево 1/8,6.732
СНТ Стрела 1/8,"д.Петрово 4/0,75",17.491
СНТ Стрела 1/8,"СНТ Можайский 5/0,75",0.288
СНТ Стрела 1/8,Храброво,43.156
СНТ Гевея 1/8,СНТ Стрела 1/8,25.644
СНТ Гевея 1/8,СНТ Васильки 1/8,27.205
СНТ Гевея 1/8,ц/у Синичино 4/8,24.098
СНТ Гевея 1/8,"СНТ Железнодорожник3/0,75",27.819
СНТ Гевея 1/8,"д.Новоселка  6/0,75",29.311
СНТ Гевея 1/8,"д.Вяземское 5/0,75",31.153
СНТ Гевея 1/8,д.Гавшино1/8,38.51
СНТ Гевея 1/8,СНТ Колос1/8,41.273
СНТ Гевея 1/8,д.Настасьино1/8,56.505
СНТ Гевея 1/8,Д. Татариново (подбор),41.661
СНТ Гевея 1/8,Д. Горки (подбор),44.223
СНТ Гевея 1/8,д.Бородино (подбор),46.567
СНТ Гевея 1/8,Д. Шеломово 1/8,39.913
СНТ Гевея 1/8,Д. Холдеево 1/8,37.268
СНТ Гевея 1/8,д.Пуршево 1/8,42.181
СНТ Гевея 1/8,д.Ханево 1/8,30.278
СНТ Гевея 1/8,"д.Петрово 4/0,75",43.629
СНТ Гевея 1/8,"СНТ Можайский 5/0,75",25.356
СНТ Гевея 1/8,Храброво,44.363
СНТ Васильки 1/8,СНТ Стрела 1/8,9.869
СНТ Васильки 1/8,СНТ Гевея 1/8,27.205
СНТ Васильки 1/8,ц/у Синичино 4/8,45.38
СНТ Васильки 1/8,"СНТ Железнодорожник3/0,75",12.045
СНТ Васильки 1/8,"д.Новоселка  6/0,75",13.537
СНТ Васильки 1/8,"д.Вяземское 5/0,75",10.611
СНТ Васильки 1/8,д.Гавшино1/8,11.798
СНТ Васильки 1/8,СНТ Колос1/8,14.56
СНТ Васильки 1/8,д.Настасьино1/8,29.792
СНТ Васильки 1/8,Д. Татариново (подбор),14.949
СНТ Васильки 1/8,Д. Горки (подбор),17.511
СНТ Васильки 1/8,д.Бородино (подбор),19.854
СНТ Васильки 1/8,Д. Шеломово 1/8,13.2
СНТ Васильки 1/8,Д. Холдеево 1/8,10.556
СНТ Васильки 1/8,д.Пуршево 1/8,15.469
СНТ Васильки 1/8,д.Ханево 1/8,14.503
СНТ Васильки 1/8,"д.Петрово 4/0,75",16.916
СНТ Васильки 1/8,"СНТ Можайский 5/0,75",9.582
СНТ Васильки 1/8,Храброво,36.101
ц/у Синичино 4/8,СНТ Стрела 1/8,43.819
ц/у Синичино 4/8,СНТ Гевея 1/8,24.098
ц/у Синичино 4/8,СНТ Васильки 1/8,45.38
ц/у Синичино 4/8,"СНТ Железнодорожник3/0,75",45.994
ц/у Синичино 4/8,"д.Новоселка  6/0,75",47.486
ц/у Синичино 4/8,"д.Вяземское 5/0,75",48.476
ц/у Синичино 4/8,д.Гавшино1/8,49.663
ц/у Синичино 4/8,СНТ Колос1/8,52.425
ц/у Синичино 4/8,д.Настасьино1/8,67.657
ц/у Синичино 4/8,Д. Татариново (подбор),30.572
ц/у Синичино 4/8,Д. Горки (подбор),27.773
ц/у Синичино 4/8,д.Бородино (подбор),25.134
ц/у Синичино 4/8,Д. Шеломово 1/8,51.065
ц/у Синичино 4/8,Д. Холдеево 1/8,48.421
ц/у Синичино 4/8,д.Пуршево 1/8,53.334
ц/у Синичино 4/8,д.Ханево 1/8,48.453
ц/у Синичино 4/8,"д.Петрово 4/0,75",54.781
ц/у Синичино 4/8,"СНТ Можайский 5/0,75",43.531
ц/у Синичино 4/8,Храброво,21.387
"СНТ Железнодорожник3/0,75",СНТ Стрела 1/8,4.273
"СНТ Железнодорожник3/0,75",СНТ Гевея 1/8,27.819
"СНТ Железнодорожник3/0,75",СНТ Васильки 1/8,12.045
"СНТ Железнодорожник3/0,75",ц/у Синичино 4/8,45.994
"СНТ Железнодорожник3/0,75","д.Новоселка  6/0,75",2.565
"СНТ Железнодорожник3/0,75","д.Вяземское 5/0,75",4.407
"СНТ Железнодорожник3/0,75",д.Гавшино1/8,9.042
"СНТ Железнодорожник3/0,75",СНТ Колос1/8,11.805
"СНТ Железнодорожник3/0,75",д.Настасьино1/8,24.025
"СНТ Железнодорожник3/0,75",Д. Татариново (подбор),21.81
"СНТ Железнодорожник3/0,75",Д. Горки (подбор),24.372
"СНТ Железнодорожник3/0,75",д.Бородино (подбор),26.716
"СНТ Железнодорожник3/0,75",Д. Шеломово 1/8,16.015
"СНТ Железнодорожник3/0,75",Д. Холдеево 1/8,13.37
"СНТ Железнодорожник3/0,75",д.Пуршево 1/8,13.203
"СНТ Железнодорожник3/0,75",д.Ханево 1/8,7.67
"СНТ Железнодорожник3/0,75","д.Петрово 4/0,75",14.29
"СНТ Железнодорожник3/0,75","СНТ Можайский 5/0,75",3.985
"СНТ Железнодорожник3/0,75",Храброво,39.955
"д.Новоселка  6/0,75",СНТ Стрела 1/8,5.766
"д.Новоселка  6/0,75",СНТ Гевея 1/8,29.311
"д.Новоселка  6/0,75",СНТ Васильки 1/8,13.537
"д.Новоселка  6/0,75",ц/у Синичино 4/8,47.486
"д.Новоселка  6/0,75","СНТ Железнодорожник3/0,75",2.565
"д.Новоселка  6/0,75","д.Вяземское 5/0,75",5.899
"д.Новоселка  6/0,75",д.Гавшино1/8,10.535
"д.Новоселка  6/0,75",СНТ Колос1/8,10.589
"д.Новоселка  6/0,75",д.Настасьино1/8,21.875
"д.Новоселка  6/0,75",Д. Татариново (подбор),23.302
"д.Новоселка  6/0,75",Д. Горки (подбор),25.864
"д.Новоселка  6/0,75",д.Бородино (подбор),28.208
"д.Новоселка  6/0,75",Д. Шеломово 1/8,17.507
"д.Новоселка  6/0,75",Д. Холдеево 1/8,14.863
"д.Новоселка  6/0,75",д.Пуршево 1/8,11.988
"д.Новоселка  6/0,75",д.Ханево 1/8,9.163
"д.Новоселка  6/0,75","д.Петрово 4/0,75",13.075
"д.Новоселка  6/0,75","СНТ Можайский 5/0,75",5.478
"д.Новоселка  6/0,75",Храброво,41.448
"д.Вяземское 5/0,75",СНТ Стрела 1/8,7.607
"д.Вяземское 5/0,75",СНТ Гевея 1/8,31.153
"д.Вяземское 5/0,75",СНТ Васильки 1/8,10.611
"д.Вяземское 5/0,75",ц/у Синичино 4/8,48.358
"д.Вяземское 5/0,75","СНТ Железнодорожник3/0,75",4.407
"д.Вяземское 5/0,75","д.Новоселка  6/0,75",5.899
"д.Вяземское 5/0,75",д.Гавшино1/8,5.55
"д.Вяземское 5/0,75",СНТ Колос1/8,8.313
"д.Вяземское 5/0,75",д.Настасьино1/8,23.545
"д.Вяземское 5/0,75",Д. Татариново (подбор),18.318
"д.Вяземское 5/0,75",Д. Горки (подбор),20.88
"д.Вяземское 5/0,75",д.Бородино (подбор),23.224
"д.Вяземское 5/0,75",Д. Шеломово 1/8,12.523
"д.Вяземское 5/0,75",Д. Холдеево 1/8,9.879
"д.Вяземское 5/0,75",д.Пуршево 1/8,9.711
"д.Вяземское 5/0,75",д.Ханево 1/8,11.004
"д.Вяземское 5/0,75","д.Петрово 4/0,75",10.798
"д.Вяземское 5/0,75","СНТ Можайский 5/0,75",7.319
"д.Вяземское 5/0,75",Храброво,36.463
д.Гавшино1/8,СНТ Стрела 1/8,12.243
д.Гавшино1/8,СНТ Гевея 1/8,38.51
д.Гавшино1/8,СНТ Васильки 1/8,11.798
д.Гавшино1/8,ц/у Синичино 4/8,49.545
д.Гавшино1/8,"СНТ Железнодорожник3/0,75",9.042
д.Гавшино1/8,"д.Новоселка  6/0,75",10.535
д.Гавшино1/8,"д.Вяземское 5/0,75",5.55
д.Гавшино1/8,СНТ Колос1/8,5.849
д.Гавшино1/8,д.Настасьино1/8,21.081
д.Гавшино1/8,Д. Татариново (подбор),19.505
д.Гавшино1/8,Д. Горки (подбор),22.067
д.Гавшино1/8,д.Бородино (подбор),24.411
д.Гавшино1/8,Д. Шеломово 1/8,13.71
д.Гавшино1/8,Д. Холдеево 1/8,11.066
д.Гавшино1/8,д.Пуршево 1/8,7.248
д.Гавшино1/8,д.Ханево 1/8,15.64
д.Гавшино1/8,"д.Петрово 4/0,75",8.335
д.Гавшино1/8,"СНТ Можайский 5/0,75",11.955
д.Гавшино1/8,Храброво,37.65
СНТ Колос1/8,СНТ Стрела 1/8,15.005
СНТ Колос1/8,СНТ Гевея 1/8,41.273
СНТ Колос1/8,СНТ Васильки 1/8,14.56
СНТ Колос1/8,ц/у Синичино 4/8,52.307
СНТ Колос1/8,"СНТ Железнодорожник3/0,75",11.805
СНТ Колос1/8,"д.Новоселка  6/0,75",10.589
СНТ Колос1/8,"д.Вяземское 5/0,75",8.313
СНТ Колос1/8,д.Гавшино1/8,5.849
СНТ Колос1/8,д.Настасьино1/8,21.519
СНТ Колос1/8,Д. Татариново (подбор),22.267
СНТ Колос1/8,Д. Горки (подбор),24.829
СНТ Колос1/8,д.Бородино (подбор),27.173
СНТ Колос1/8,Д. Шеломово 1/8,6.029
СНТ Колос1/8,Д. Холдеево 1/8,8.389
СНТ Колос1/8,д.Пуршево 1/8,1.981
СНТ Колос1/8,д.Ханево 1/8,18.402
СНТ Колос1/8,"д.Петрово 4/0,75",3.068
СНТ Колос1/8,"СНТ Можайский 5/0,75",14.717
СНТ Колос1/8,Храброво,40.413
д.Настасьино1/8,СНТ Стрела 1/8,27.225
д.Настасьино1/8,СНТ Гевея 1/8,56.505
д.Настасьино1/8,СНТ Васильки 1/8,29.792
д.Настасьино1/8,ц/у Синичино 4/8,67.539
д.Настасьино1/8,"СНТ Железнодорожник3/0,75",24.025
д.Настасьино1/8,"д.Новоселка  6/0,75",21.875
д.Настасьино1/8,"д.Вяземское 5/0,75",23.545
д.Настасьино1/8,д.Гавшино1/8,21.081
д.Настасьино1/8,СНТ Колос1/8,21.519
д.Настасьино1/8,Д. Татариново (подбор),37.499
д.Настасьино1/8,Д. Горки (подбор),40.061
д.Настасьино1/8,д.Бородино (подбор),42.405
д.Настасьино1/8,Д. Шеломово 1/8,26.966
д.Настасьино1/8,Д. Холдеево 1/8,29.06
д.Настасьино1/8,д.Пуршево 1/8,22.917
д.Настасьино1/8,д.Ханево 1/8,30.622
д.Настасьино1/8,"д.Петрово 4/0,75",24.004
д.Настасьино1/8,"СНТ Можайский 5/0,75",26.937
д.Настасьино1/8,Храброво,55.645
Д. Татариново (подбор),СНТ Стрела 1/8,24.326
Д. Татариново (подбор),СНТ Гевея 1/8,41.661
Д. Татариново (подбор),СНТ Васильки 1/8,14.949
Д. Татариново (подбор),ц/у Синичино 4/8,30.572
Д. Татариново (подбор),"СНТ Железнодорожник3/0,75",21.928
Д. Татариново (подбор),"д.Новоселка  6/0,75",23.42
Д. Татариново (подбор),"д.Вяземское 5/0,75",18.436
Д. Татариново (подбор),д.Гавшино1/8,19.623
Д. Татариново (подбор),СНТ Колос1/8,22.385
Д. Татариново (подбор),д.Настасьино1/8,37.617
Д. Татариново (подбор),Д. Горки (подбор),3.094
Д. Татариново (подбор),д.Бородино (подбор),5.438
Д. Татариново (подбор),Д. Шеломово 1/8,21.026
Д. Татариново (подбор),Д. Холдеево 1/8,18.381
Д. Татариново (подбор),д.Пуршево 1/8,23.294
Д. Татариново (подбор),д.Ханево 1/8,28.525
Д. Татариново (подбор),"д.Петрово 4/0,75",24.741
Д. Татариново (подбор),"СНТ Можайский 5/0,75",24.038
Д. Татариново (подбор),Храброво,23.06
Д. Горки (подбор),СНТ Стрела 1/8,26.888
Д. Горки (подбор),СНТ Гевея 1/8,44.223
Д. Горки (подбор),СНТ Васильки 1/8,17.511
Д. Горки (подбор),ц/у Синичино 4/8,27.773
Д. Горки (подбор),"СНТ Железнодорожник3/0,75",24.49
Д. Горки (подбор),"д.Новоселка  6/0,75",25.982
Д. Горки (подбор),"д.Вяземское 5/0,75",20.998
Д. Горки (подбор),д.Гавшино1/8,22.185
Д. Горки (подбор),СНТ Колос1/8,24.947
Д. Горки (подбор),д.Настасьино1/8,40.179
Д. Горки (подбор),Д. Татариново (подбор),3.094
Д. Горки (подбор),д.Бородино (подбор),2.639
Д. Горки (подбор),Д. Шеломово 1/8,23.588
Д. Горки (подбор),Д. Холдеево 1/8,20.943
Д. Горки (подбор),д.Пуршево 1/8,25.856
Д. Горки (подбор),д.Ханево 1/8,31.087
Д. Горки (подбор),"д.Петрово 4/0,75",27.303
Д. Горки (подбор),"СНТ Можайский 5/0,75",26.6
Д. Горки (подбор),Храброво,20.261
д.Бородино (подбор),СНТ Стрела 1/8,29.231
д.Бородино (подбор),СНТ Гевея 1/8,46.567
д.Бородино (подбор),СНТ Васильки 1/8,19.854
д.Бородино (подбор),ц/у Синичино 4/8,25.134
д.Бородино (подбор),"СНТ Железнодорожник3/0,75",26.833
д.Бородино (подбор),"д.Новоселка  6/0,75",28.326
д.Бородино (подбор),"д.Вяземское 5/0,75",23.342
д.Бородино (подбор),д.Гавшино1/8,24.529
д.Бородино (подбор),СНТ Колос1/8,27.291
д.Бородино (подбор),д.Настасьино1/8,42.523
д.Бородино (подбор),Д. Татариново (подбор),5.438
д.Бородино (подбор),Д. Горки (подбор),2.639
д.Бородино (подбор),Д. Шеломово 1/8,25.931
д.Бородино (подбор),Д. Холдеево 1/8,23.287
д.Бородино (подбор),д.Пуршево 1/8,28.2
д.Бородино (подбор),д.Ханево 1/8,33.431
д.Бородино (подбор),"д.Петрово 4/0,75",29.647
д.Бородино (подбор),"СНТ Можайский 5/0,75",28.944
д.Бородино (подбор),Храброво,17.622
Д. Шеломово 1/8,СНТ Стрела 1/8,19.215
Д. Шеломово 1/8,СНТ Гевея 1/8,39.913
Д. Шеломово 1/8,СНТ Васильки 1/8,13.2
Д. Шеломово 1/8,ц/у Синичино 4/8,50.948
Д. Шеломово 1/8,"СНТ Железнодорожник3/0,75",16.015
Д. Шеломово 1/8,"д.Новоселка  6/0,75",17.507
Д. Шеломово 1/8,"д.Вяземское 5/0,75",12.523
Д. Шеломово 1/8,д.Гавшино1/8,13.71
Д. Шеломово 1/8,СНТ Колос1/8,6.029
Д. Шеломово 1/8,д.Настасьино1/8,26.966
Д. Шеломово 1/8,Д. Татариново (подбор),20.908
Д. Шеломово 1/8,Д. Горки (подбор),23.47
Д. Шеломово 1/8,д.Бородино (подбор),25.814
Д. Шеломово 1/8,Д. Холдеево 1/8,4.268
Д. Шеломово 1/8,д.Пуршево 1/8,4.176
Д. Шеломово 1/8,д.Ханево 1/8,22.613
Д. Шеломово 1/8,"д.Петрово 4/0,75",5.623
Д. Шеломово 1/8,"СНТ Можайский 5/0,75",18.928
Д. Шеломово 1/8,Храброво,39.053
Д. Холдеево 1/8,СНТ Стрела 1/8,16.571
Д. Холдеево 1/8,СНТ Гевея 1/8,37.268
Д. Холдеево 1/8,СНТ Васильки 1/8,10.556
Д. Холдеево 1/8,ц/у Синичино 4/8,48.303
Д. Холдеево 1/8,"СНТ Железнодорожник3/0,75",13.37
Д. Холдеево 1/8,"д.Новоселка  6/0,75",14.863
Д. Холдеево 1/8,"д.Вяземское 5/0,75",9.879
Д. Холдеево 1/8,д.Гавшино1/8,11.066
Д. Холдеево 1/8,СНТ Колос1/8,8.389
Д. Холдеево 1/8,д.Настасьино1/8,29.06
Д. Холдеево 1/8,Д. Татариново (подбор),18.263
Д. Холдеево 1/8,Д. Горки (подбор),20.825
Д. Холдеево 1/8,д.Бородино (подбор),23.169
Д. Холдеево 1/8,Д. Шеломово 1/8,4.268
Д. Холдеево 1/8,д.Пуршево 1/8,6.536
Д. Холдеево 1/8,д.Ханево 1/8,19.968
Д. Холдеево 1/8,"д.Петрово 4/0,75",7.983
Д. Холдеево 1/8,"СНТ Можайский 5/0,75",16.283
Д. Холдеево 1/8,Храброво,36.409
д.Пуршево 1/8,СНТ Стрела 1/8,16.404
д.Пуршево 1/8,СНТ Гевея 1/8,42.181
д.Пуршево 1/8,СНТ Васильки 1/8,15.469
д.Пуршево 1/8,ц/у Синичино 4/8,53.216
д.Пуршево 1/8,"СНТ Железнодорожник3/0,75",13.203
д.Пуршево 1/8,"д.Новоселка  6/0,75",11.988
д.Пуршево 1/8,"д.Вяземское 5/0,75",9.711
д.Пуршево 1/8,д.Гавшино1/8,7.248
д.Пуршево 1/8,СНТ Колос1/8,1.981
д.Пуршево 1/8,д.Настасьино1/8,22.917
д.Пуршево 1/8,Д. Татариново (подбор),23.176
д.Пуршево 1/8,Д. Горки (подбор),25.738
д.Пуршево 1/8,д.Бородино (подбор),28.082
д.Пуршево 1/8,Д. Шеломово 1/8,4.176
д.Пуршево 1/8,Д. Холдеево 1/8,6.536
д.Пуршево 1/8,д.Ханево 1/8,19.801
д.Пуршево 1/8,"д.Петрово 4/0,75",1.447
д.Пуршево 1/8,"СНТ Можайский 5/0,75",16.116
д.Пуршево 1/8,Храброво,41.321
д.Ханево 1/8,СНТ Стрела 1/8,6.732
д.Ханево 1/8,СНТ Гевея 1/8,30.278
д.Ханево 1/8,СНТ Васильки 1/8,14.503
д.Ханево 1/8,ц/у Синичино 4/8,48.453
д.Ханево 1/8,"СНТ Железнодорожник3/0,75",7.67
д.Ханево 1/8,"д.Новоселка  6/0,75",9.163
д.Ханево 1/8,"д.Вяземское 5/0,75",11.004
д.Ханево 1/8,д.Гавшино1/8,15.64
д.Ханево 1/8,СНТ Колос1/8,18.402
д.Ханево 1/8,д.Настасьино1/8,30.622
д.Ханево 1/8,Д. Татариново (подбор),28.407
д.Ханево 1/8,Д. Горки (подбор),30.969
д.Ханево 1/8,д.Бородино (подбор),33.313
д.Ханево 1/8,Д. Шеломово 1/8,22.613
д.Ханево 1/8,Д. Холдеево 1/8,19.968
д.Ханево 1/8,д.Пуршево 1/8,19.801
д.Ханево 1/8,"д.Петрово 4/0,75",20.888
д.Ханево 1/8,"СНТ Можайский 5/0,75",6.444
д.Ханево 1/8,Храброво,46.553
"д.Петрово 4/0,75",СНТ Стрела 1/8,17.491
"д.Петрово 4/0,75",СНТ Гевея 1/8,43.629
"д.Петрово 4/0,75",СНТ Васильки 1/8,16.916
"д.Петрово 4/0,75",ц/у Синичино 4/8,54.663
"д.Петрово 4/0,75","СНТ Железнодорожник3/0,75",14.29
"д.Петрово 4/0,75","д.Новоселка  6/0,75",13.075
"д.Петрово 4/0,75","д.Вяземское 5/0,75",10.798
"д.Петрово 4/0,75",д.Гавшино1/8,8.335
"д.Петрово 4/0,75",СНТ Колос1/8,3.068
"д.Петрово 4/0,75",д.Настасьино1/8,24.004
"д.Петрово 4/0,75",Д. Татариново (подбор),24.623
"д.Петрово 4/0,75",Д. Горки (подбор),27.185
"д.Петрово 4/0,75",д.Бородино (подбор),29.529
"д.Петрово 4/0,75",Д. Шеломово 1/8,5.623
"д.Петрово 4/0,75",Д. Холдеево 1/8,7.983
"д.Петрово 4/0,75",д.Пуршево 1/8,1.447
"д.Петрово 4/0,75",д.Ханево 1/8,20.888
"д.Петрово 4/0,75","СНТ Можайский 5/0,75",17.203
"д.Петрово 4/0,75",Храброво,42.769
"СНТ Можайский 5/0,75",СНТ Стрела 1/8,0.288
"СНТ Можайский 5/0,75",СНТ Гевея 1/8,25.356
"СНТ Можайский 5/0,75",СНТ Васильки 1/8,9.582
"СНТ Можайский 5/0,75",ц/у Синичино 4/8,43.531
"СНТ Можайский 5/0,75","СНТ Железнодорожник3/0,75",3.985
"СНТ Можайский 5/0,75","д.Новоселка  6/0,75",5.478
"СНТ Можайский 5/0,75","д.Вяземское 5/0,75",7.319
"СНТ Можайский 5/0,75",д.Гавшино1/8,11.955
"СНТ Можайский 5/0,75",СНТ Колос1/8,14.717
"СНТ Можайский 5/0,75",д.Настасьино1/8,26.937
"СНТ Можайский 5/0,75",Д. Татариново (подбор),24.038
"СНТ Можайский 5/0,75",Д. Горки (подбор),26.6
"СНТ Можайский 5/0,75",д.Бородино (подбор),28.944
"СНТ Можайский 5/0,75",Д. Шеломово 1/8,18.928
"СНТ Можайский 5/0,75",Д. Холдеево 1/8,16.283
"СНТ Можайский 5/0,75",д.Пуршево 1/8,16.116
"СНТ Можайский 5/0,75",д.Ханево 1/8,6.444
"СНТ Можайский 5/0,75","д.Петрово 4/0,75",17.203
"СНТ Можайский 5/0,75",Храброво,42.868
Храброво,СНТ Стрела 1/8,43.223
Храброво,СНТ Гевея 1/8,44.363
Храброво,СНТ Васильки 1/8,36.169
Храброво,ц/у Синичино 4/8,21.387
Храброво,"СНТ Железнодорожник3/0,75",40.022
Храброво,"д.Новоселка  6/0,75",41.515
Храброво,"д.Вяземское 5/0,75",36.531
Храброво,д.Гавшино1/8,37.718
Храброво,СНТ Колос1/8,40.48
Храброво,д.Настасьино1/8,55.712
Храброво,Д. Татариново (подбор),23.06
Храброво,Д. Горки (подбор),20.261
Храброво,д.Бородино (подбор),17.622
Храброво,Д. Шеломово 1/8,39.12
Храброво,Д. Холдеево 1/8,36.476
Храброво,д.Пуршево 1/8,41.389
Храброво,д.Ханево 1/8,46.62
Храброво,"д.Петрово 4/0,75",42.836
Храброво,"СНТ Можайский 5/0,75",42.935
"Сан. Можайский 5/0,75","СНТ Садко 1/0,75",11.394
"Сан. Можайский 5/0,75","СНТ Поиск 1/0,75",4.231
"Сан. Можайский 5/0,75","СНТ Виктория 4/0,75",5.977
"Сан. Можайский 5/0,75","СНТ Яблонька 4/0,75",2.755
"Сан. Можайский 5/0,75","СНТ Бодрость 6/0,75",3.23
"Сан. Можайский 5/0,75","СНТ Автомобилист 4/0,75",5.977
"Сан. Можайский 5/0,75","СНТ Чайка 3/0,75",0.52
"Сан. Можайский 5/0,75","СНТ  Энергетик-2 (две площадки) 10/0,75",2.652
"Сан. Можайский 5/0,75","СНТ Вега 2/0,75",2.104
"Сан. Можайский 5/0,75","СНТ Энергетик 6/0,75",4.882
"Сан. Можайский 5/0,75","СНТ Лесная поляна д. Демихово 7/0,75",19.896
"Сан. Можайский 5/0,75",Храброво,39.252
"СНТ Садко 1/0,75","Сан. Можайский 5/0,75",11.394
"СНТ Садко 1/0,75","СНТ Поиск 1/0,75",11.908
"СНТ Садко 1/0,75","СНТ Виктория 4/0,75",13.654
"СНТ Садко 1/0,75","СНТ Яблонька 4/0,75",10.432
"СНТ Садко 1/0,75","СНТ Бодрость 6/0,75",10.111
"СНТ Садко 1/0,75","СНТ Автомобилист 4/0,75",13.654
"СНТ Садко 1/0,75","СНТ Чайка 3/0,75",11.506
"СНТ Садко 1/0,75","СНТ  Энергетик-2 (две площадки) 10/0,75",9.533
"СНТ Садко 1/0,75","СНТ Вега 2/0,75",9.781
"СНТ Садко 1/0,75","СНТ Энергетик 6/0,75",15.868
"СНТ Садко 1/0,75","СНТ Лесная поляна д. Демихово 7/0,75",10.297
"СНТ Садко 1/0,75",Храброво,50.239
"СНТ Поиск 1/0,75","Сан. Можайский 5/0,75",4.231
"СНТ Поиск 1/0,75","СНТ Садко 1/0,75",11.908
"СНТ Поиск 1/0,75","СНТ Виктория 4/0,75",4.224
"СНТ Поиск 1/0,75","СНТ Яблонька 4/0,75",1.476
"СНТ Поиск 1/0,75","СНТ Бодрость 6/0,75",3.744
"СНТ Поиск 1/0,75","СНТ Автомобилист 4/0,75",4.224
"СНТ Поиск 1/0,75","СНТ Чайка 3/0,75",4.344
"СНТ Поиск 1/0,75","СНТ  Энергетик-2 (две площадки) 10/0,75",3.167
"СНТ Поиск 1/0,75","СНТ Вега 2/0,75",2.127
"СНТ Поиск 1/0,75","СНТ Энергетик 6/0,75",8.706
"СНТ Поиск 1/0,75","СНТ Лесная поляна д. Демихово 7/0,75",20.41
"СНТ Поиск 1/0,75",Храброво,43.076
"СНТ Виктория 4/0,75","Сан. Можайский 5/0,75",5.977
"СНТ Виктория 4/0,75","СНТ Садко 1/0,75",13.654
"СНТ Виктория 4/0,75","СНТ Поиск 1/0,75",4.224
"СНТ Виктория 4/0,75","СНТ Яблонька 4/0,75",3.221
"СНТ Виктория 4/0,75","СНТ Бодрость 6/0,75",5.49
"СНТ Виктория 4/0,75","СНТ Автомобилист 4/0,75",0.0
"СНТ Виктория 4/0,75","СНТ Чайка 3/0,75",6.089
"СНТ Виктория 4/0,75","СНТ  Энергетик-2 (две площадки) 10/0,75",4.912
"СНТ Виктория 4/0,75","СНТ Вега 2/0,75",3.872
"СНТ Виктория 4/0,75","СНТ Энергетик 6/0,75",10.451
"СНТ Виктория 4/0,75","СНТ Лесная поляна д. Демихово 7/0,75",22.156
"СНТ Виктория 4/0,75",Храброво,42.499
"СНТ Яблонька 4/0,75","Сан. Можайский 5/0,75",2.755
"СНТ Яблонька 4/0,75","СНТ Садко 1/0,75",10.432
"СНТ Яблонька 4/0,75","СНТ Поиск 1/0,75",1.476
"СНТ Яблонька 4/0,75","СНТ Виктория 4/0,75",3.221
"СНТ Яблонька 4/0,75","СНТ Бодрость 6/0,75",2.269
"СНТ Яблонька 4/0,75","СНТ Автомобилист 4/0,75",3.221
"СНТ Яблонька 4/0,75","СНТ Чайка 3/0,75",2.868
"СНТ Яблонька 4/0,75","СНТ  Энергетик-2 (две площадки) 10/0,75",1.691
"СНТ Яблонька 4/0,75","СНТ Вега 2/0,75",0.651
"СНТ Яблонька 4/0,75","СНТ Энергетик 6/0,75",7.23
"СНТ Яблонька 4/0,75","СНТ Лесная поляна д. Демихово 7/0,75",18.934
"СНТ Яблонька 4/0,75",Храброво,41.601
"СНТ Бодрость 6/0,75","Сан. Можайский 5/0,75",3.23
"СНТ Бодрость 6/0,75","СНТ Садко 1/0,75",10.111
"СНТ Бодрость 6/0,75","СНТ Поиск 1/0,75",3.744
"СНТ Бодрость 6/0,75","СНТ Виктория 4/0,75",5.49
"СНТ Бодрость 6/0,75","СНТ Яблонька 4/0,75",2.269
"СНТ Бодрость 6/0,75","СНТ Автомобилист 4/0,75",5.49
"СНТ Бодрость 6/0,75","СНТ Чайка 3/0,75",3.342
"СНТ Бодрость 6/0,75","СНТ  Энергетик-2 (две площадки) 10/0,75",0.578
"СНТ Бодрость 6/0,75","СНТ Вега 2/0,75",1.617
"СНТ Бодрость 6/0,75","СНТ Энергетик 6/0,75",7.704
"СНТ Бодрость 6/0,75","СНТ Лесная поляна д. Демихово 7/0,75",18.613
"СНТ Бодрость 6/0,75",Храброво,42.075
"СНТ Автомобилист 4/0,75","Сан. Можайский 5/0,75",5.977
"СНТ Автомобилист 4/0,75","СНТ Садко 1/0,75",13.654
"СНТ Автомобилист 4/0,75","СНТ Поиск 1/0,75",4.224
"СНТ Автомобилист 4/0,75","СНТ Виктория 4/0,75",0.0
"СНТ Автомобилист 4/0,75","СНТ Яблонька 4/0,75",3.221
"СНТ Автомобилист 4/0,75","СНТ Бодрость 6/0,75",5.49
"СНТ Автомобилист 4/0,75","СНТ Чайка 3/0,75",6.089
"СНТ Автомобилист 4/0,75","СНТ  Энергетик-2 (две площадки) 10/0,75",4.912
"СНТ Автомобилист 4/0,75","СНТ Вега 2/0,75",3.872
"СНТ Автомобилист 4/0,75","СНТ Энергетик 6/0,75",10.451
"СНТ Автомобилист 4/0,75","СНТ Лесная поляна д. Демихово 7/0,75",22.156
"СНТ Автомобилист 4/0,75",Храброво,42.499
"СНТ Чайка 3/0,75","Сан. Можайский 5/0,75",0.52
"СНТ Чайка 3/0,75","СНТ Садко 1/0,75",11.506
"СНТ Чайка 3/0,75","СНТ Поиск 1/0,75",4.344
"СНТ Чайка 3/0,75","СНТ Виктория 4/0,75",6.089
"СНТ Чайка 3/0,75","СНТ Яблонька 4/0,75",2.868
"СНТ Чайка 3/0,75","СНТ Бодрость 6/0,75",3.342
"СНТ Чайка 3/0,75","СНТ Автомобилист 4/0,75",6.089
"СНТ Чайка 3/0,75","СНТ  Энергетик-2 (две площадки) 10/0,75",2.765
"СНТ Чайка 3/0,75","СНТ Вега 2/0,75",2.217
"СНТ Чайка 3/0,75","СНТ Энергетик 6/0,75",4.362
"СНТ Чайка 3/0,75","СНТ Лесная поляна д. Демихово 7/0,75",20.008
"СНТ Чайка 3/0,75",Храброво,38.733
"СНТ  Энергетик-2 (две площадки) 10/0,75","Сан. Можайский 5/0,75",2.652
"СНТ  Энергетик-2 (две площадки) 10/0,75","СНТ Садко 1/0,75",9.533
"СНТ  Энергетик-2 (две площадки) 10/0,75","СНТ Поиск 1/0,75",3.167
"СНТ  Энергетик-2 (две площадки) 10/0,75","СНТ Виктория 4/0,75",4.912
"СНТ  Энергетик-2 (две площадки) 10/0,75","СНТ Яблонька 4/0,75",1.691
"СНТ  Энергетик-2 (две площадки) 10/0,75","СНТ Бодрость 6/0,75",0.578
"СНТ  Энергетик-2 (две площадки) 10/0,75","СНТ Автомобилист 4/0,75",4.912
"СНТ  Энергетик-2 (две площадки) 10/0,75","СНТ Чайка 3/0,75",2.765
"СНТ  Энергетик-2 (две площадки) 10/0,75","СНТ Вега 2/0,75",1.04
"СНТ  Энергетик-2 (две площадки) 10/0,75","СНТ Энергетик 6/0,75",7.127
"СНТ  Энергетик-2 (две площадки) 10/0,75","СНТ Лесная поляна д. Демихово 7/0,75",18.035
"СНТ  Энергетик-2 (две площадки) 10/0,75",Храброво,41.497
"СНТ Вега 2/0,75","Сан. Можайский 5/0,75",2.104
"СНТ Вега 2/0,75","СНТ Садко 1/0,75",9.781
"СНТ Вега 2/0,75","СНТ Поиск 1/0,75",2.127
"СНТ Вега 2/0,75","СНТ Виктория 4/0,75",3.872
"СНТ Вега 2/0,75","СНТ Яблонька 4/0,75",0.651
"СНТ Вега 2/0,75","СНТ Бодрость 6/0,75",1.617
"СНТ Вега 2/0,75","СНТ Автомобилист 4/0,75",3.872
"СНТ Вега 2/0,75","СНТ Чайка 3/0,75",2.217
"СНТ Вега 2/0,75","СНТ  Энергетик-2 (две площадки) 10/0,75",1.04
"СНТ Вега 2/0,75","СНТ Энергетик 6/0,75",6.579
"СНТ Вега 2/0,75","СНТ Лесная поляна д. Демихово 7/0,75",18.283
"СНТ Вега 2/0,75",Храброво,40.949
"СНТ Энергетик 6/0,75","Сан. Можайский 5/0,75",4.882
"СНТ Энергетик 6/0,75","СНТ Садко 1/0,75",15.868
"СНТ Энергетик 6/0,75","СНТ Поиск 1/0,75",8.706
"СНТ Энергетик 6/0,75","СНТ Виктория 4/0,75",10.451
"СНТ Энергетик 6/0,75","СНТ Яблонька 4/0,75",7.23
"СНТ Энергетик 6/0,75","СНТ Бодрость 6/0,75",7.704
"СНТ Энергетик 6/0,75","СНТ Автомобилист 4/0,75",10.451
"СНТ Энергетик 6/0,75","СНТ Чайка 3/0,75",4.362
"СНТ Энергетик 6/0,75","СНТ  Энергетик-2 (две площадки) 10/0,75",7.127
"СНТ Энергетик 6/0,75","СНТ Вега 2/0,75",6.579
"СНТ Энергетик 6/0,75","СНТ Лесная поляна д. Демихово 7/0,75",24.37
"СНТ Энергетик 6/0,75",Храброво,36.098
"СНТ Лесная поляна д. Демихово 7/0,75","Сан. Можайский 5/0,75",19.896
"СНТ Лесная поляна д. Демихово 7/0,75","СНТ Садко 1/0,75",10.297
"СНТ Лесная поляна д. Демихово 7/0,75","СНТ Поиск 1/0,75",20.41
"СНТ Лесная поляна д. Демихово 7/0,75","СНТ Виктория 4/0,75",22.156
"СНТ Лесная поляна д. Демихово 7/0,75","СНТ Яблонька 4/0,75",18.934
"СНТ Лесная поляна д. Демихово 7/0,75","СНТ Бодрость 6/0,75",18.613
"СНТ Лесная поляна д. Демихово 7/0,75","СНТ Автомобилист 4/0,75",22.156
"СНТ Лесная поляна д. Демихово 7/0,75","СНТ Чайка 3/0,75",20.008
"СНТ Лесная поляна д. Демихово 7/0,75","СНТ  Энергетик-2 (две площадки) 10/0,75",18.035
"СНТ Лесная поляна д. Демихово 7/0,75","СНТ Вега 2/0,75",18.283
"СНТ Лесная поляна д. Демихово 7/0,75","СНТ Энергетик 6/0,75",24.37
"СНТ Лесная поляна д. Демихово 7/0,75",Храброво,41.63
Храброво,"Сан. Можайский 5/0,75",39.32
Храброво,"СНТ Садко 1/0,75",50.306
Храброво,"СНТ Поиск 1/0,75",43.144
Храброво,"СНТ Виктория 4/0,75",42.567
Храброво,"СНТ Яблонька 4/0,75",41.668
Храброво,"СНТ Бодрость 6/0,75",42.142
Храброво,"СНТ Автомобилист 4/0,75",42.567
Храброво,"СНТ Чайка 3/0,75",38.8
Храброво,"СНТ  Энергетик-2 (две площадки) 10/0,75",41.565
Храброво,"СНТ Вега 2/0,75",41.017
Храброво,"СНТ Энергетик 6/0,75",36.166
Храброво,"СНТ Лесная поляна д. Демихово 7/0,75",41.63
Д. Авдотьино - поменять 1/8 (поставить их бункер),кл.Горетово,5.558
Д. Авдотьино - поменять 1/8 (поставить их бункер),СНТ Роспроект,11.007
Д. Авдотьино - поменять 1/8 (поставить их бункер),Храброво,53.524
кл.Горетово,Д. Авдотьино - поменять 1/8 (поставить их бункер),5.558
кл.Горетово,СНТ Роспроект,5.915
кл.Горетово,Храброво,48.432
СНТ Роспроект,Д. Авдотьино - поменять 1/8 (поставить их бункер),11.007
СНТ Роспроект,кл.Горетово,5.915
СНТ Роспроект,Храброво,44.237
Храброво,Д. Авдотьино - поменять 1/8 (поставить их бункер),53.592
Храброво,кл.Горетово,48.499
Храброво,СНТ Роспроект,44.304
СНТ Мечта-2,СНТ Дружба,55.588
СНТ Мечта-2,СНТ Каскад,54.684
СНТ Мечта-2,Д. Некрасово,29.859
СНТ Мечта-2,СНТ Березка,59.798
СНТ Мечта-2,Храброво,29.735
СНТ Дружба,СНТ Мечта-2,55.588
СНТ Дружба,СНТ Каскад,30.988
СНТ Дружба,Д. Некрасово,70.146
СНТ Дружба,СНТ Березка,14.193
СНТ Дружба,Храброво,53.699
СНТ Каскад,СНТ Мечта-2,54.684
СНТ Каскад,СНТ Дружба,30.988
СНТ Каскад,Д. Некрасово,66.7
СНТ Каскад,СНТ Березка,34.0
СНТ Каскад,Храброво,50.253
Д. Некрасово,СНТ Мечта-2,29.856
Д. Некрасово,СНТ Дружба,70.146
Д. Некрасово,СНТ Каскад,66.765
Д. Некрасово,СНТ Березка,64.58
СНТ Березка,СНТ Мечта-2,61.784
СНТ Березка,СНТ Дружба,14.284
СНТ Березка,СНТ Каскад,35.89
СНТ Березка,Д. Некрасово,66.59
Храброво,СНТ Мечта-2,26.54
Храброво,СНТ Дружба,50.506
Храброво,СНТ Каскад,47.125
Д. Холдеево 1/8,СНТ  Васильки 1/8,10.73
Д. Холдеево 1/8,СНТ  Гевея 1/8,37.442
Д. Холдеево 1/8,СНТ  Стрела 1/8,16.745
Д. Холдеево 1/8,"СНТ  Лесная поляна д.Демихово 7/0,75",33.99
Д. Холдеево 1/8,Д. Блазново,11.337
Д. Холдеево 1/8,Д. Красновидово,16.2
Д. Холдеево 1/8,Д. Аксаново,17.074
Д. Холдеево 1/8,Д. Хотилово,20.644
Д. Холдеево 1/8,Д. Милятино,30.911
Д. Холдеево 1/8,Д. Глазово,25.488
Д. Холдеево 1/8,Д. Горки,25.488
Д. Холдеево 1/8,Д. Бычково,29.871
Д. Холдеево 1/8,Д. Батынки,30.962
Д. Холдеево 1/8,Д. Мышкино,32.8
Д. Холдеево 1/8,Д. Авдотьино,26.498
Д. Холдеево 1/8,"Д. Красновидово ул. Зеленая д. 1,2",17.227
Д. Холдеево 1/8,"Д. Красновидово ул. Центральная  д.6,8",16.189
Д. Холдеево 1/8,"Д. Мышкино ул. Титовка д. 15,17",32.599
Д. Холдеево 1/8,д/д Павлин ул. Титовка д. 2а,32.412
Д. Холдеево 1/8,Уч-з Александрово баня 1/8,16.809
СНТ  Васильки 1/8,Д. Холдеево 1/8,10.73
СНТ  Васильки 1/8,СНТ  Гевея 1/8,27.205
СНТ  Васильки 1/8,СНТ  Стрела 1/8,9.869
СНТ  Васильки 1/8,"СНТ  Лесная поляна д.Демихово 7/0,75",23.753
СНТ  Васильки 1/8,Д. Блазново,0.607
СНТ  Васильки 1/8,Д. Красновидово,5.962
СНТ  Васильки 1/8,Д. Аксаново,6.836
СНТ  Васильки 1/8,Д. Хотилово,10.406
СНТ  Васильки 1/8,Д. Милятино,20.674
СНТ  Васильки 1/8,Д. Глазово,15.251
СНТ  Васильки 1/8,Д. Горки,15.251
СНТ  Васильки 1/8,Д. Бычково,19.634
СНТ  Васильки 1/8,Д. Батынки,20.725
СНТ  Васильки 1/8,Д. Мышкино,22.563
СНТ  Васильки 1/8,Д. Авдотьино,16.26
СНТ  Васильки 1/8,"Д. Красновидово ул. Зеленая д. 1,2",6.99
СНТ  Васильки 1/8,"Д. Красновидово ул. Центральная  д.6,8",5.951
СНТ  Васильки 1/8,"Д. Мышкино ул. Титовка д. 15,17",22.361
СНТ  Васильки 1/8,д/д Павлин ул. Титовка д. 2а,22.174
СНТ  Васильки 1/8,ц/у Синичино 4/8,45.38
СНТ  Васильки 1/8,Уч-з Александрово баня 1/8,16.328
СНТ  Васильки 1/8,Храброво,36.101
СНТ  Гевея 1/8,Д. Холдеево 1/8,37.442
СНТ  Гевея 1/8,СНТ  Васильки 1/8,27.205
СНТ  Гевея 1/8,СНТ  Стрела 1/8,25.644
СНТ  Гевея 1/8,"СНТ  Лесная поляна д.Демихово 7/0,75",3.81
СНТ  Гевея 1/8,Д. Блазново,27.812
СНТ  Гевея 1/8,Д. Красновидово,22.352
СНТ  Гевея 1/8,Д. Аксаново,22.993
СНТ  Гевея 1/8,Д. Хотилово,18.522
СНТ  Гевея 1/8,Д. Милятино,22.593
СНТ  Гевея 1/8,Д. Глазово,13.75
СНТ  Гевея 1/8,Д. Горки,13.75
СНТ  Гевея 1/8,Д. Бычково,8.707
СНТ  Гевея 1/8,Д. Батынки,6.48
СНТ  Гевея 1/8,Д. Мышкино,6.884
СНТ  Гевея 1/8,Д. Авдотьино,18.18
СНТ  Гевея 1/8,"Д. Красновидово ул. Зеленая д. 1,2",23.146
СНТ  Гевея 1/8,"Д. Красновидово ул. Центральная  д.6,8",22.107
СНТ  Гевея 1/8,"Д. Мышкино ул. Титовка д. 15,17",6.682
СНТ  Гевея 1/8,д/д Павлин ул. Титовка д. 2а,6.495
СНТ  Гевея 1/8,ц/у Синичино 4/8,24.098
СНТ  Гевея 1/8,Уч-з Александрово баня 1/8,43.04
СНТ  Гевея 1/8,Храброво,44.363
СНТ  Стрела 1/8,Д. Холдеево 1/8,16.745
СНТ  Стрела 1/8,СНТ  Васильки 1/8,9.869
СНТ  Стрела 1/8,СНТ  Гевея 1/8,25.644
СНТ  Стрела 1/8,"СНТ  Лесная поляна д.Демихово 7/0,75",22.191
СНТ  Стрела 1/8,Д. Блазново,10.477
СНТ  Стрела 1/8,Д. Красновидово,5.016
СНТ  Стрела 1/8,Д. Аксаново,5.657
СНТ  Стрела 1/8,Д. Хотилово,8.845
СНТ  Стрела 1/8,Д. Милятино,19.113
СНТ  Стрела 1/8,Д. Глазово,13.689
СНТ  Стрела 1/8,Д. Горки,13.689
СНТ  Стрела 1/8,Д. Бычково,18.072
СНТ  Стрела 1/8,Д. Батынки,19.163
СНТ  Стрела 1/8,Д. Мышкино,21.001
СНТ  Стрела 1/8,Д. Авдотьино,14.699
СНТ  Стрела 1/8,"Д. Красновидово ул. Зеленая д. 1,2",5.81
СНТ  Стрела 1/8,"Д. Красновидово ул. Центральная  д.6,8",4.772
СНТ  Стрела 1/8,"Д. Мышкино ул. Титовка д. 15,17",20.8
СНТ  Стрела 1/8,д/д Павлин ул. Титовка д. 2а,20.613
СНТ  Стрела 1/8,ц/у Синичино 4/8,43.819
СНТ  Стрела 1/8,Уч-з Александрово баня 1/8,23.382
СНТ  Стрела 1/8,Храброво,43.156
"СНТ  Лесная поляна д.Демихово 7/0,75",Д. Холдеево 1/8,33.99
"СНТ  Лесная поляна д.Демихово 7/0,75",СНТ  Васильки 1/8,23.753
"СНТ  Лесная поляна д.Демихово 7/0,75",СНТ  Гевея 1/8,3.81
"СНТ  Лесная поляна д.Демихово 7/0,75",СНТ  Стрела 1/8,22.191
"СНТ  Лесная поляна д.Демихово 7/0,75",Д. Блазново,24.36
"СНТ  Лесная поляна д.Демихово 7/0,75",Д. Красновидово,18.899
"СНТ  Лесная поляна д.Демихово 7/0,75",Д. Аксаново,19.54
"СНТ  Лесная поляна д.Демихово 7/0,75",Д. Хотилово,15.069
"СНТ  Лесная поляна д.Демихово 7/0,75",Д. Милятино,19.141
"СНТ  Лесная поляна д.Демихово 7/0,75",Д. Глазово,10.297
"СНТ  Лесная поляна д.Демихово 7/0,75",Д. Горки,10.297
"СНТ  Лесная поляна д.Демихово 7/0,75",Д. Бычково,5.254
"СНТ  Лесная поляна д.Демихово 7/0,75",Д. Батынки,3.028
"СНТ  Лесная поляна д.Демихово 7/0,75",Д. Мышкино,3.431
"СНТ  Лесная поляна д.Демихово 7/0,75",Д. Авдотьино,14.727
"СНТ  Лесная поляна д.Демихово 7/0,75","Д. Красновидово ул. Зеленая д. 1,2",19.694
"СНТ  Лесная поляна д.Демихово 7/0,75","Д. Красновидово ул. Центральная  д.6,8",18.655
"СНТ  Лесная поляна д.Демихово 7/0,75","Д. Мышкино ул. Титовка д. 15,17",3.23
"СНТ  Лесная поляна д.Демихово 7/0,75",д/д Павлин ул. Титовка д. 2а,3.043
"СНТ  Лесная поляна д.Демихово 7/0,75",ц/у Синичино 4/8,21.985
"СНТ  Лесная поляна д.Демихово 7/0,75",Уч-з Александрово баня 1/8,39.588
"СНТ  Лесная поляна д.Демихово 7/0,75",Храброво,42.25
Д. Блазново,Д. Холдеево 1/8,11.337
Д. Блазново,СНТ  Васильки 1/8,0.607
Д. Блазново,СНТ  Гевея 1/8,27.812
Д. Блазново,СНТ  Стрела 1/8,10.477
Д. Блазново,"СНТ  Лесная поляна д.Демихово 7/0,75",24.36
Д. Блазново,ц/у Синичино 4/8,45.987
Д. Блазново,Уч-з Александрово баня 1/8,16.935
Д. Красновидово,Д. Холдеево 1/8,16.2
Д. Красновидово,СНТ  Васильки 1/8,5.962
Д. Красновидово,СНТ  Гевея 1/8,22.352
Д. Красновидово,СНТ  Стрела 1/8,5.016
Д. Красновидово,"СНТ  Лесная поляна д.Демихово 7/0,75",18.899
Д. Красновидово,ц/у Синичино 4/8,40.527
Д. Красновидово,Уч-з Александрово баня 1/8,21.797
Д. Аксаново,Д. Холдеево 1/8,17.074
Д. Аксаново,СНТ  Васильки 1/8,6.836
Д. Аксаново,СНТ  Гевея 1/8,22.993
Д. Аксаново,СНТ  Стрела 1/8,5.657
Д. Аксаново,"СНТ  Лесная поляна д.Демихово 7/0,75",19.54
Д. Аксаново,ц/у Синичино 4/8,41.168
Д. Аксаново,Уч-з Александрово баня 1/8,22.671
Д. Хотилово,Д. Холдеево 1/8,20.644
Д. Хотилово,СНТ  Васильки 1/8,10.406
Д. Хотилово,СНТ  Гевея 1/8,18.522
Д. Хотилово,СНТ  Стрела 1/8,8.845
Д. Хотилово,"СНТ  Лесная поляна д.Демихово 7/0,75",15.069
Д. Хотилово,ц/у Синичино 4/8,36.697
Д. Хотилово,Уч-з Александрово баня 1/8,26.241
Д. Милятино,Д. Холдеево 1/8,30.911
Д. Милятино,СНТ  Васильки 1/8,20.674
Д. Милятино,СНТ  Гевея 1/8,22.593
Д. Милятино,СНТ  Стрела 1/8,19.113
Д. Милятино,"СНТ  Лесная поляна д.Демихово 7/0,75",19.141
Д. Милятино,ц/у Синичино 4/8,40.768
Д. Милятино,Уч-з Александрово баня 1/8,36.509
Д. Глазово,Д. Холдеево 1/8,25.488
Д. Глазово,СНТ  Васильки 1/8,15.251
Д. Глазово,СНТ  Гевея 1/8,13.75
Д. Глазово,СНТ  Стрела 1/8,13.689
Д. Глазово,"СНТ  Лесная поляна д.Демихово 7/0,75",10.297
Д. Глазово,ц/у Синичино 4/8,31.925
Д. Глазово,Уч-з Александрово баня 1/8,31.086
Д. Горки,Д. Холдеево 1/8,25.488
Д. Горки,СНТ  Васильки 1/8,15.251
Д. Горки,СНТ  Гевея 1/8,13.75
Д. Горки,СНТ  Стрела 1/8,13.689
Д. Горки,"СНТ  Лесная поляна д.Демихово 7/0,75",10.297
Д. Горки,ц/у Синичино 4/8,31.925
Д. Горки,Уч-з Александрово баня 1/8,31.086
Д. Бычково,Д. Холдеево 1/8,29.871
Д. Бычково,СНТ  Васильки 1/8,19.634
Д. Бычково,СНТ  Гевея 1/8,8.707
Д. Бычково,СНТ  Стрела 1/8,18.072
Д. Бычково,"СНТ  Лесная поляна д.Демихово 7/0,75",5.254
Д. Бычково,ц/у Синичино 4/8,26.882
Д. Бычково,Уч-з Александрово баня 1/8,35.469
Д. Батынки,Д. Холдеево 1/8,30.962
Д. Батынки,СНТ  Васильки 1/8,20.725
Д. Батынки,СНТ  Гевея 1/8,6.48
Д. Батынки,СНТ  Стрела 1/8,19.163
Д. Батынки,"СНТ  Лесная поляна д.Демихово 7/0,75",3.028
Д. Батынки,ц/у Синичино 4/8,24.655
Д. Батынки,Уч-з Александрово баня 1/8,36.56
Д. Мышкино,Д. Холдеево 1/8,32.8
Д. Мышкино,СНТ  Васильки 1/8,22.563
Д. Мышкино,СНТ  Гевея 1/8,6.884
Д. Мышкино,СНТ  Стрела 1/8,21.001
Д. Мышкино,"СНТ  Лесная поляна д.Демихово 7/0,75",3.431
Д. Мышкино,ц/у Синичино 4/8,25.059
Д. Мышкино,Уч-з Александрово баня 1/8,38.398
Д. Авдотьино,Д. Холдеево 1/8,26.498
Д. Авдотьино,СНТ  Васильки 1/8,16.26
Д. Авдотьино,СНТ  Гевея 1/8,18.18
Д. Авдотьино,СНТ  Стрела 1/8,14.699
Д. Авдотьино,"СНТ  Лесная поляна д.Демихово 7/0,75",14.727
Д. Авдотьино,ц/у Синичино 4/8,36.355
Д. Авдотьино,Уч-з Александрово баня 1/8,32.096
"Д. Красновидово ул. Зеленая д. 1,2",Д. Холдеево 1/8,17.227
"Д. Красновидово ул. Зеленая д. 1,2",СНТ  Васильки 1/8,6.99
"Д. Красновидово ул. Зеленая д. 1,2",СНТ  Гевея 1/8,23.146
"Д. Красновидово ул. Зеленая д. 1,2",СНТ  Стрела 1/8,5.81
"Д. Красновидово ул. Зеленая д. 1,2","СНТ  Лесная поляна д.Демихово 7/0,75",19.694
"Д. Красновидово ул. Зеленая д. 1,2",ц/у Синичино 4/8,41.321
"Д. Красновидово ул. Зеленая д. 1,2",Уч-з Александрово баня 1/8,22.825
"Д. Красновидово ул. Центральная  д.6,8",Д. Холдеево 1/8,16.189
"Д. Красновидово ул. Центральная  д.6,8",СНТ  Васильки 1/8,5.951
"Д. Красновидово ул. Центральная  д.6,8",СНТ  Гевея 1/8,22.107
"Д. Красновидово ул. Центральная  д.6,8",СНТ  Стрела 1/8,4.772
"Д. Красновидово ул. Центральная  д.6,8","СНТ  Лесная поляна д.Демихово 7/0,75",18.655
"Д. Красновидово ул. Центральная  д.6,8",ц/у Синичино 4/8,40.282
"Д. Красновидово ул. Центральная  д.6,8",Уч-з Александрово баня 1/8,21.786
"Д. Мышкино ул. Титовка д. 15,17",Д. Холдеево 1/8,32.599
"Д. Мышкино ул. Титовка д. 15,17",СНТ  Васильки 1/8,22.361
"Д. Мышкино ул. Титовка д. 15,17",СНТ  Гевея 1/8,6.682
"Д. Мышкино ул. Титовка д. 15,17",СНТ  Стрела 1/8,20.8
"Д. Мышкино ул. Титовка д. 15,17","СНТ  Лесная поляна д.Демихово 7/0,75",3.23
"Д. Мышкино ул. Титовка д. 15,17",ц/у Синичино 4/8,24.857
"Д. Мышкино ул. Титовка д. 15,17",Уч-з Александрово баня 1/8,38.196
д/д Павлин ул. Титовка д. 2а,Д. Холдеево 1/8,32.412
д/д Павлин ул. Титовка д. 2а,СНТ  Васильки 1/8,22.174
д/д Павлин ул. Титовка д. 2а,СНТ  Гевея 1/8,6.495
д/д Павлин ул. Титовка д. 2а,СНТ  Стрела 1/8,20.613
д/д Павлин ул. Титовка д. 2а,"СНТ  Лесная поляна д.Демихово 7/0,75",3.043
д/д Павлин ул. Титовка д. 2а,ц/у Синичино 4/8,24.67
д/д Павлин ул. Титовка д. 2а,Уч-з Александрово баня 1/8,38.009
ц/у Синичино 4/8,СНТ  Васильки 1/8,45.38
ц/у Синичино 4/8,СНТ  Гевея 1/8,24.098
ц/у Синичино 4/8,СНТ  Стрела 1/8,43.819
ц/у Синичино 4/8,"СНТ  Лесная поляна д.Демихово 7/0,75",21.985
ц/у Синичино 4/8,Д. Блазново,45.987
ц/у Синичино 4/8,Д. Красновидово,40.527
ц/у Синичино 4/8,Д. Аксаново,41.168
ц/у Синичино 4/8,Д. Хотилово,36.697
ц/у Синичино 4/8,Д. Милятино,40.768
ц/у Синичино 4/8,Д. Глазово,31.925
ц/у Синичино 4/8,Д. Горки,31.925
ц/у Синичино 4/8,Д. Бычково,26.882
ц/у Синичино 4/8,Д. Батынки,24.655
ц/у Синичино 4/8,Д. Мышкино,25.059
ц/у Синичино 4/8,Д. Авдотьино,36.355
ц/у Синичино 4/8,"Д. Красновидово ул. Зеленая д. 1,2",41.321
ц/у Синичино 4/8,"Д. Красновидово ул. Центральная  д.6,8",40.282
ц/у Синичино 4/8,"Д. Мышкино ул. Титовка д. 15,17",24.857
ц/у Синичино 4/8,д/д Павлин ул. Титовка д. 2а,24.67
ц/у Синичино 4/8,Уч-з Александрово баня 1/8,45.835
Уч-з Александрово баня 1/8,Д. Холдеево 1/8,16.809
Уч-з Александрово баня 1/8,СНТ  Васильки 1/8,16.328
Уч-з Александрово баня 1/8,СНТ  Гевея 1/8,43.04
Уч-з Александрово баня 1/8,СНТ  Стрела 1/8,23.382
Уч-з Александрово баня 1/8,"СНТ  Лесная поляна д.Демихово 7/0,75",39.588
Уч-з Александрово баня 1/8,Д. Блазново,16.935
Уч-з Александрово баня 1/8,Д. Красновидово,21.797
Уч-з Александрово баня 1/8,Д. Аксаново,22.671
Уч-з Александрово баня 1/8,Д. Хотилово,26.241
Уч-з Александрово баня 1/8,Д. Милятино,36.509
Уч-з Александрово баня 1/8,Д. Глазово,31.086
Уч-з Александрово баня 1/8,Д. Горки,31.086
Уч-з Александрово баня 1/8,Д. Бычково,35.469
Уч-з Александрово баня 1/8,Д. Батынки,36.56
Уч-з Александрово баня 1/8,Д. Мышкино,38.398
Уч-з Александрово баня 1/8,Д. Авдотьино,32.096
Уч-з Александрово баня 1/8,"Д. Красновидово ул. Зеленая д. 1,2",22.825
Уч-з Александрово баня 1/8,"Д. Красновидово ул. Центральная  д.6,8",21.786
Уч-з Александрово баня 1/8,"Д. Мышкино ул. Титовка д. 15,17",38.196
Уч-з Александрово баня 1/8,д/д Павлин ул. Титовка д. 2а,38.009
Уч-з Александрово баня 1/8,ц/у Синичино 4/8,45.835
Уч-з Александрово баня 1/8,Храброво,33.697
Храброво,СНТ  Васильки 1/8,36.169
Храброво,СНТ  Гевея 1/8,44.363
Храброво,СНТ  Стрела 1/8,43.223
Храброво,"СНТ  Лесная поляна д.Демихово 7/0,75",42.25
Храброво,Уч-з Александрово баня 1/8,33.466
ООО Горки-1 (вещевой рынок),Администрация г.Можайск,2.149
ООО Горки-1 (вещевой рынок),Полиграфкомбинат,1.765
ООО Горки-1 (вещевой рынок),СНТ Искона д. Перещапово,23.371
ООО Горки-1 (вещевой рынок),ДНП Лесная поляна д. Синичино,45.498
ООО Горки-1 (вещевой рынок),Альянс,28.216
ООО Горки-1 (вещевой рынок),Пончики,15.196
ООО Горки-1 (вещевой рынок),Храброво,26.234
Администрация г.Можайск,ООО Горки-1 (вещевой рынок),1.971
Администрация г.Можайск,Полиграфкомбинат,1.867
Администрация г.Можайск,СНТ Искона д. Перещапово,21.671
Администрация г.Можайск,ДНП Лесная поляна д. Синичино,42.182
Администрация г.Можайск,Альянс,28.984
Администрация г.Можайск,Пончики,15.298
Администрация г.Можайск,Храброво,27.001
Полиграфкомбинат,ООО Горки-1 (вещевой рынок),1.762
Полиграфкомбинат,Администрация г.Можайск,2.042
Полиграфкомбинат,СНТ Искона д. Перещапово,23.264
Полиграфкомбинат,ДНП Лесная поляна д. Синичино,43.301
Полиграфкомбинат,Альянс,29.979
Полиграфкомбинат,Пончики,14.002
Полиграфкомбинат,Храброво,27.996
СНТ Искона д. Перещапово,ООО Горки-1 (вещевой рынок),23.368
СНТ Искона д. Перещапово,Администрация г.Можайск,21.673
СНТ Искона д. Перещапово,Полиграфкомбинат,23.264
СНТ Искона д. Перещапово,ДНП Лесная поляна д. Синичино,48.117
СНТ Искона д. Перещапово,Альянс,49.481
СНТ Искона д. Перещапово,Пончики,36.695
СНТ Искона д. Перещапово,Храброво,47.498
ДНП Лесная поляна д. Синичино,ООО Горки-1 (вещевой рынок),45.535
ДНП Лесная поляна д. Синичино,Администрация г.Можайск,42.059
ДНП Лесная поляна д. Синичино,Полиграфкомбинат,43.301
ДНП Лесная поляна д. Синичино,СНТ Искона д. Перещапово,48.117
ДНП Лесная поляна д. Синичино,Альянс,30.52
ДНП Лесная поляна д. Синичино,Пончики,58.945
ДНП Лесная поляна д. Синичино,Храброво,23.314
Альянс,ООО Горки-1 (вещевой рынок),22.731
Альянс,Администрация г.Можайск,23.009
Альянс,Полиграфкомбинат,24.247
Альянс,СНТ Искона д. Перещапово,44.047
Альянс,ДНП Лесная поляна д. Синичино,31.575
Альянс,Пончики,36.141
Альянс,Храброво,12.311
Пончики,ООО Горки-1 (вещевой рынок),14.579
Пончики,Администрация г.Можайск,14.859
Пончики,Полиграфкомбинат,13.388
Пончики,СНТ Искона д. Перещапово,36.081
Пончики,ДНП Лесная поляна д. Синичино,58.207
Пончики,Альянс,40.925
Храброво,ООО Горки-1 (вещевой рынок),26.249
Храброво,Администрация г.Можайск,26.527
Храброво,Полиграфкомбинат,27.765
Храброво,СНТ Искона д. Перещапово,47.565
Храброво,ДНП Лесная поляна д. Синичино,23.314
Храброво,Альянс,11.233
